concept,Right angle,Angle bisector theorem,Arc length,Skew lines,Rigid transformation,Perpendicular,Star polygon,Self-similarity,Hendecagon,Exterior angle theorem,Circle,Right triangle,Symmetry,Dodecagon,Arc (geometry),Convex polygon,Scaling (geometry),Collinearity,Altitude (triangle),Slope,Parallelogram,Pentagon,Bisection,Nonagon,Rectangle,Inverse trigonometric functions,Diameter,Face (geometry),Cross section (geometry),Chord (geometry),Cone,Diagonal,Edge (geometry),Distance,Coordinate system,Trigonometric functions,Pythagorean triple,Similarity (geometry),Rhombus,Midpoint,Octagon,Reflection (mathematics),Concentric,Secant line,Sine,Prism (geometry),Parallel (geometry),Line segment,Special right triangles,Cylinder (geometry),Vertex (geometry),Trapezoid,Heptagon,Polygon,Reflection symmetry,Isosceles triangle,Line (geometry),Quadrilateral,Rotational symmetry,Tangent,Triangle inequality,Cartesian coordinate system,Internal and external angle,Circumference,Rotation (mathematics),Decagon,Scale factor,Congruence (geometry),Point (geometry),Geometry,Radius,Space (mathematics),Angle,Triangle,Two-dimensional space,Translation (geometry),Sphere,Grade (slope),Tessellation,Kite (geometry),Pythagorean theorem,Transversal (geometry),Plane (geometry),Square,Pyramid (geometry),Hexagon,Polyhedron,Equilateral triangle,Acute and obtuse triangles
Right angle,0.3630114068503439,0.0,0.0,0.0,0.0,0.04559576400456703,0.0,0.0,0.0,0.0,0.016072884226022596,0.030301568449439157,0.0,0.0,0.0,0.0,0.0,0.0,0.0,0.0,0.0,0.0,0.0,0.0,0.010715256150681732,0.0,0.0,0.0,0.0,0.0,0.0,0.0,0.0,0.010749500166726779,0.015644122260079895,0.0,0.014879297353220263,0.0,0.0,0.0,0.0,0.0,0.0,0.0,0.0,0.0,0.0,0.006248544448805055,0.0,0.0,0.0,0.0,0.0,0.0,0.0,0.0,0.0,0.00519322672479353,0.0,0.0,0.0,0.011562247848246297,0.0,0.0,0.0,0.0,0.0,0.0,0.0,0.01601684126596443,0.0,0.0,0.27263379480551253,0.02406673657127224,0.0,0.0,0.0,0.0,0.0,0.0,0.013696742405805113,0.0,0.0,0.022465455752103652,0.0,0.0,0.0,0.0,0.0
Angle bisector theorem,0.011744486692217008,0.2607010091270798,0.0,0.0,0.0,0.0,0.0,0.0,0.0,0.0,0.0,0.0,0.0,0.0,0.0,0.0,0.0,0.0,0.0,0.0,0.0,0.0,0.0,0.0,0.0,0.0,0.0,0.0,0.0,0.0,0.0,0.0,0.0,0.0,0.0,0.0,0.0,0.0,0.0,0.0,0.0,0.0,0.0,0.0,0.03674035759223688,0.0,0.0,0.01617270327926014,0.0,0.0,0.0,0.0,0.0,0.0,0.0,0.010340670854711409,0.0,0.0,0.0,0.0,0.0,0.0,0.0,0.0,0.0,0.0,0.0,0.0,0.0,0.013818451288283037,0.0,0.0,0.4047055293133733,0.07786297125999841,0.0,0.0,0.0,0.0,0.0,0.0,0.0,0.0,0.0,0.0,0.0,0.0,0.0,0.009717914786192737,0.0
Arc length,0.0,0.0,0.9340626933098547,0.0,0.0,0.0,0.0,0.0,0.0,0.0,0.14312520715553456,0.0,0.0,0.0,0.02458362069441126,0.0,0.0,0.0,0.0,0.02458362069441126,0.0,0.0,0.0,0.0,0.0,0.0,0.013373291218206063,0.0,0.0,0.0,0.0,0.0,0.0,0.11824450183399454,0.04916724138882252,0.0,0.0,0.0,0.0,0.0,0.0,0.0,0.0,0.0,0.02230664568100096,0.0,0.0,0.029457423830080973,0.0,0.0,0.0,0.0,0.0,0.03780216482597443,0.0,0.0,0.0,0.0,0.0,0.028752927992403213,0.0,0.0,0.0,0.05253207084160281,0.0,0.0,0.0,0.0,0.0,0.008389773996457559,0.018873255511396746,0.0,0.03780216482597443,0.0,0.0,0.0,0.0,0.0,0.0,0.0,0.021523452351979458,0.0,0.0,0.029419049199183357,0.0,0.0,0.0,0.0,0.0
Skew lines,0.0,0.0,0.0,1.5128821636974135,0.0,0.08563106898418686,0.0,0.0,0.0,0.0,0.0,0.0,0.0,0.0,0.0,0.0,0.0,0.0,0.0,0.0,0.0,0.0,0.0,0.0,0.0,0.0,0.0,0.0,0.0,0.0,0.0,0.0,0.0,0.3230093708635949,0.0,0.0,0.0,0.0,0.0,0.0,0.0,0.0,0.0,0.0,0.0,0.0,0.0,0.023470142563804353,0.0,0.0,0.0,0.0,0.0,0.0,0.0,0.0,0.0,0.0,0.0,0.0,0.0,0.0,0.0,0.0,0.0,0.0,0.0,0.0,0.0,0.04010721227574833,0.0,0.0,0.015059398995713388,0.0,0.0,0.0,0.0,0.0,0.0,0.0,0.0,0.0,0.0,0.0,0.0,0.0,0.0,0.0,0.0
Rigid transformation,0.0,0.0,0.0,0.0,2.725243510194513,0.0,0.0,0.0,0.0,0.0,0.0,0.0,0.0,0.0,0.0,0.0,0.0,0.0,0.0,0.0,0.0,0.0,0.0,0.0,0.0,0.0,0.0,0.0,0.0,0.0,0.0,0.0,0.0,0.47297800733597817,0.0,0.0,0.0,0.0,0.0,0.0,0.0,0.0,0.0,0.0,0.0,0.0,0.0,0.0,0.0,0.0,0.0,0.0,0.0,0.0,0.0,0.0,0.0,0.0,0.0,0.0,0.0,0.0,0.0,0.0,0.0,0.0,0.0,0.0,0.0,0.0,0.0,0.0,0.0,0.0,0.0,0.0,0.0,0.0,0.0,0.0,0.037666041615964055,0.0,0.0,0.0411866688788567,0.0,0.0,0.0,0.0,0.0
Perpendicular,0.0637685437128741,0.0,0.0,0.0,0.0,0.2836732655987559,0.0,0.0,0.0,0.0,0.05646899248990449,0.0035486247461700613,0.00996640714360604,0.0,0.0,0.0,0.0,0.0,0.0,0.018320873217127786,0.0030409008198410783,0.0,0.0,0.0,0.006274332498878276,0.0,0.03488242500262114,0.0,0.0,0.0,0.0,0.021318261211894788,0.0,0.05664945715240804,0.009160436608563893,0.0,0.0,0.0,0.006471864714872655,0.014065239848797576,0.0,0.0,0.0,0.0,0.0,0.0,0.0,0.02927074814040999,0.0,0.0,0.0,0.01131705864941817,0.0,0.007042988883926794,0.0,0.004678858675705923,0.0,0.024327206558728626,0.0,0.026785046989120865,0.0,0.006770289614562471,0.0,0.006524895998069804,0.0,0.0,0.0,0.0,0.0,0.014068024077710203,0.014065239848797576,0.0,0.09860184437497511,0.022900003144337936,0.0,0.0,0.014483960587801588,0.0,0.0,0.0,0.008020145743323145,0.0,0.0,0.01753957001685152,0.0,0.0,0.0,0.0,0.0
Star polygon,0.0,0.0,0.0,0.0,0.0,0.0,0.2645808680620372,0.0,0.007807787242311866,0.0,0.004609355997779292,0.0,0.00732169016415751,0.007807787242311866,0.0,0.006075078145642371,0.0,0.0,0.0,0.0,0.00893583145942127,0.06874524199500881,0.0,0.00834024634736396,0.004609355997779292,0.0,0.0,0.0,0.0,0.0,0.0,0.012528944578163866,0.0,0.0,0.0,0.0,0.0,0.0,0.00475447044695952,0.0,0.03660845082078755,0.0,0.0,0.0,0.0,0.0,0.0,0.0,0.0,0.0,0.0,0.01662785712177083,0.006874524199500881,0.206961572790251,0.0,0.0,0.0,0.00893583145942127,0.0,0.015741826498634162,0.0,0.0,0.0,0.0,0.0,0.08315398710521169,0.0,0.0,0.0,0.006889926131169057,0.0,0.0,0.04829103365105858,0.018117277949602984,0.0,0.0,0.0,0.0,0.018496346655596914,0.0,0.0,0.0,0.0,0.006442607422390992,0.0,0.029459473889580826,0.028760575097637294,0.0,0.0
Self-similarity,0.0,0.0,0.0,0.0,0.0,0.0,0.0,2.128619771830903,0.0,0.0,0.019187784269825425,0.0,0.0,0.0,0.0,0.0,0.0,0.0,0.0,0.0,0.0,0.0,0.0,0.0,0.0,0.0,0.0,0.0,0.0,0.0,0.0,0.0,0.0,0.0,0.0,0.0,0.0,0.0,0.0,0.0,0.0,0.0,0.0,0.0,0.0,0.0,0.0,0.0,0.0,0.0,0.0,0.0,0.0,0.0,0.0,0.0,0.0,0.0,0.0,0.0,0.0,0.0,0.0,0.0,0.0,0.0,0.0,0.0,0.0,0.019120880270996298,0.0,0.0,0.0861537709987324,0.05387031151127797,0.0,0.0,0.0,0.0,0.03849820989944008,0.0,0.0,0.0,0.0,0.013409613123348693,0.0,0.0,0.0,0.0,0.0
Hendecagon,0.0,0.0,0.0,0.0,0.0,0.0060532307385373465,0.009332014853813726,0.0,0.3084345194756025,0.0,0.01707051152281021,0.0,0.09038500271615134,0.009638578733612579,0.0,0.0,0.0,0.0,0.0,0.0,0.011031129870595912,0.025459444794013606,0.0,0.010295890318469992,0.0056901705076034025,0.0,0.0,0.0,0.0,0.0,0.0,0.02320014909818619,0.0,0.022833421043805844,0.0,0.0,0.0,0.0,0.005869311793143131,0.0,0.0271155008148454,0.0,0.0,0.0,0.0,0.0,0.0,0.0,0.0,0.0,0.0,0.020526802929634335,0.008486481598004535,0.02980722421910167,0.0,0.0,0.0,0.011031129870595912,0.0,0.01943301340176217,0.0,0.0,0.0,0.0,0.0,0.4386046981292451,0.0,0.0,0.0,0.002835165005699451,0.025511435036094914,0.0,0.02980722421910167,0.009585200255110149,0.0,0.0,0.0,0.0,0.0,0.0,0.0,0.0,0.0,0.003976643891751681,0.0,0.02182032755683435,0.0,0.0,0.0
Exterior angle theorem,0.009255588850157774,0.0,0.0,0.0,0.0,0.0,0.0,0.0,0.0,0.35920784964916874,0.005464071017235055,0.0,0.0,0.0,0.0,0.0,0.0,0.0,0.0,0.0,0.0,0.0,0.0,0.0,0.0,0.0,0.0,0.0,0.0,0.0,0.0,0.0,0.0,0.0,0.0,0.0,0.0,0.0,0.0,0.02449773563068717,0.0,0.0,0.0,0.0,0.0,0.0,0.0,0.031863438579999286,0.0,0.0,0.0,0.0,0.0,0.0,0.0,0.0,0.0,0.0,0.0,0.0,0.0,0.0,0.0,0.0,0.0,0.0,0.0,0.0,0.0,0.046282660523504285,0.0,0.0,0.34347397444527755,0.0736346509664091,0.0,0.0,0.008409010230887014,0.0,0.0,0.0,0.0,0.0,0.0,0.0,0.0,0.0,0.0,0.0,0.0
Circle,0.012174163034615191,0.005404777018488239,0.0044298366213882,0.0,0.0,0.027524272173488632,0.0,0.0,0.0,0.0,0.35935310261432635,0.0,0.00913297936853097,0.0,0.0,0.0037889860211497714,0.0,0.0,0.0,0.008394407066384333,0.0013933047310421666,0.0,0.0,0.0,0.0014374124104573054,0.0,0.05936436589545131,0.0,0.0,0.0,0.0,0.003907109894584202,0.0,0.06633228151663108,0.004197203533192167,0.003992006606961534,0.0,0.0,0.001482665871090164,0.016111315680460637,0.0,0.0,0.005404777018488239,0.0,0.015233806806537242,0.0,0.0,0.01341151003645963,0.0,0.0,0.0,0.0017284474011596855,0.0,0.0182864130662234,0.0036424060922191103,0.0,0.0,0.012539742579379499,0.0032222631360921275,0.04172681013531686,0.0,0.0031020664958709577,0.0,0.03587556057475314,0.0,0.0,0.0,0.0,0.0,0.012891603945776249,0.0934456309466717,0.0,0.06454028141020024,0.009685393985999803,0.0,0.0,0.017697011078243053,0.0,0.0,0.0,0.005512103651116692,0.0,0.0,0.011050081894327407,0.0,0.0,0.0,0.0,0.0
Right triangle,0.0424800582484445,0.0,0.0,0.0,0.0,0.0026678372555863686,0.0,0.0,0.0,0.0,0.052664344059733616,0.1333269011775323,0.0,0.0,0.0,0.0,0.0,0.0,0.0,0.0,0.0,0.0,0.0,0.0,0.0,0.0,0.019917667771796266,0.0,0.0,0.0,0.0,0.0,0.0,0.010063361858212301,0.0,0.04178866490691648,0.013929554968972161,0.0,0.0,0.02810910395314409,0.0,0.0,0.0,0.0,0.0,0.0,0.0,0.002924850593057685,0.026254089276273915,0.0,0.0,0.0,0.0,0.0,0.0,0.0037402426495764672,0.0,0.0,0.0,0.006423526466387951,0.0,0.0,0.0,0.0,0.0,0.0,0.0,0.0,0.0,0.0024990816159660813,0.08994913265006109,0.0,0.21019076045080815,0.10842832912695524,0.0,0.0,0.0,0.0,0.0,0.0,0.02885058506754694,0.0,0.0,0.008763121038054617,0.0,0.0,0.0,0.0,0.003983533554359253
Symmetry,0.0,0.0,0.0,0.0,0.0,0.004718916435956534,0.0,0.03645187183939817,0.0,0.0,0.008871771221532187,0.0,0.9019062636622414,0.0,0.0,0.0,0.0,0.0,0.0,0.0,0.004299768363538729,0.0,0.0,0.0,0.008871771221532187,0.0,0.007046142684861261,0.0,0.0,0.0,0.0,0.012057425158555549,0.0,0.00890012379395658,0.0,0.0,0.0,0.0,0.004575538763471797,0.0,0.0,0.0,0.0,0.0,0.02350592770686123,0.0,0.0,0.0,0.0,0.0,0.0,0.005334025850890643,0.0,0.0033195449399153172,0.03372163059570596,0.0,0.0,0.004299768363538729,0.07955178667169382,0.0,0.0,0.0,0.0,0.00922606262092666,0.0,0.0,0.0,0.0,0.0,0.026522511343640025,0.0,0.0,0.016597724699576585,0.004981555688139684,0.0,0.0,0.02048000878812805,0.0,0.026700371381869738,0.0,0.005670156802403192,0.0,0.0,0.006200143702193482,0.0,0.0,0.0,0.0,0.0
Dodecagon,0.0,0.0,0.0,0.0,0.0,0.0039896293503996145,0.03075323076824978,0.0,0.006352699619881018,0.0,0.003750339652738606,0.0,0.0774435136908842,0.3176349809940509,0.0,0.0,0.0,0.0,0.0,0.0,0.014541034829421883,0.022373451485648323,0.0,0.006785927709900676,0.003750339652738606,0.0,0.0,0.0,0.0,0.0,0.0,0.015291007360168172,0.0,0.007524650116708744,0.0,0.0,0.0,0.0,0.0038684100454807004,0.0,0.023828773443348987,0.0,0.0,0.0,0.0,0.0,0.0,0.0,0.0,0.0,0.0,0.01803870560483017,0.005593362871412081,0.05613048716584081,0.0,0.0,0.0,0.007270517414710942,0.016814354910153467,0.012808122469343248,0.0,0.0,0.0,0.0,0.0,0.3628881230653474,0.0,0.0,0.0,0.00560589444308755,0.016814354910153467,0.0,0.028065243582920407,0.012635036699917923,0.0,0.0,0.0,0.0,0.0,0.0,0.0,0.0,0.0,0.00786290951323628,0.0,0.05752631810438147,0.00780021657951072,0.005256508452531526,0.0
Arc (geometry),0.0,0.0,0.1614429346461477,0.0,0.0,0.01393203900139548,0.0,0.0,0.0,0.0,0.3012177562358309,0.0,0.0,0.0,0.0,0.0,0.0,0.0,0.0,0.0,0.0,0.0,0.0,0.0,0.0,0.0,0.08321158980217107,0.0,0.0,0.0,0.0,0.0,0.0,0.0,0.0,0.0,0.0,0.0,0.0,0.0,0.0,0.0,0.0,0.0,0.0,0.0,0.0,0.030548439527491377,0.0,0.0,0.0,0.0,0.0,0.0,0.0,0.0,0.0,0.0,0.0,0.011181694219267915,0.0,0.0,0.0,0.16343310928498653,0.0,0.0,0.0,0.0,0.0,0.026101519100090183,0.14679198731086357,0.0,0.1078061737629641,0.007353725063444294,0.0,0.0,0.020154929283554588,0.0,0.0,0.0,0.0,0.0,0.0,0.0,0.0,0.0,0.0,0.0,0.0
Convex polygon,0.0,0.0,0.0,0.0,0.0,0.0,0.009020947692019936,0.0,0.009317292775825494,0.0,0.022001992629399825,0.0,0.0,0.009317292775825494,0.0,0.15224145832979782,0.0,0.0,0.0,0.0,0.01599513831236407,0.03281439551228421,0.0,0.009952693974520992,0.022001992629399825,0.0,0.008737216929227963,0.0,0.0,0.0,0.0,0.022426810794913318,0.0,0.0,0.0,0.0,0.0,0.0,0.0056736680667050276,0.0,0.026211650787683886,0.0,0.0,0.0,0.0,0.0,0.0,0.019245516902319567,0.0,0.0,0.0,0.01984257616531319,0.008203598878071053,0.18111437192177968,0.0,0.0,0.0,0.010663425541576049,0.0,0.023481557860462625,0.0,0.0,0.0,0.0,0.0,0.09020947692019934,0.0,0.0,0.0,0.0,0.0,0.0,0.08232471450989985,0.030885645266466037,0.0,0.0,0.0,0.0,0.0,0.0,0.0,0.0,0.0,0.003844089095359959,0.0,0.02109298330493987,0.0,0.0,0.0
Scaling (geometry),0.0,0.0,0.0,0.0,0.0,0.02372212046183555,0.0,0.0,0.0,0.0,0.0,0.0,0.0,0.0,0.0,0.0,0.06511337373114336,0.0,0.0,0.0,0.021615051773464965,0.0,0.0,0.0,0.022299316854121443,0.0,0.03542114971308633,0.0,0.0,0.0,0.0,0.12122600429682875,0.0,0.0,0.0,0.0,0.0,0.0,0.0,0.0,0.0,0.0,0.0,0.0,0.0,0.0,0.0,0.0,0.0,0.0,0.0,0.0,0.0,0.0,0.0,0.0,0.0,0.0,0.0,0.0,0.0,0.0,0.0,0.0,0.0,0.0,1.28271181445666,0.0,0.0,0.044443127116369774,0.0,0.0,0.10012465278231064,0.02504241508091841,0.0,0.0,0.0,0.0,0.0,0.0,0.0,0.0,0.0,0.031168289962378044,0.0,0.0,0.0,0.0,0.0
Collinearity,0.0,0.0,0.0,0.0,0.0,0.005485740356799471,0.0,0.0,0.0,0.0,0.07735075533773375,0.0,0.0,0.0,0.0,0.0,0.0,0.3463217565325187,0.0,0.0,0.0,0.0,0.0,0.0,0.005156717022515584,0.0,0.0,0.0,0.0,0.0,0.02732564095922618,0.007008378373410413,0.0,0.031039181731423567,0.0,0.0,0.0,0.0,0.0,0.08091908300511355,0.0,0.0,0.0,0.0,0.0,0.0,0.0,0.012028448063949732,0.0,0.0,0.0,0.012401610103320745,0.0,0.0,0.0,0.0,0.0,0.07497721083920658,0.0,0.02641675259302045,0.01589203887923017,0.0,0.0,0.0,0.0,0.0,0.0,0.0,0.0,0.05138736572830255,0.023119738001461016,0.0,0.08875633283098577,0.06370164336208621,0.0,0.0,0.015872006810799238,0.0,0.0,0.0,0.0,0.0,0.0,0.010811500580699884,0.0,0.05932401554514339,0.0,0.0,0.0
Altitude (triangle),0.021905860758210407,0.0,0.0,0.0,0.0,0.013757342587584877,0.0,0.0,0.0,0.0,0.05431526393621429,0.026331018100891963,0.004108409214370515,0.0,0.0,0.0,0.0,0.0,0.0,0.0,0.0,0.0,0.0,0.0,0.0,0.0,0.0,0.0,0.0,0.0,0.0,0.0,0.0,0.03632589711514566,0.0,0.007183109067071851,0.0,0.0,0.0,0.017394160251882895,0.0,0.0,0.0,0.0,0.0,0.0,0.0,0.0030165386994231297,0.0,0.0,0.0,0.0,0.0,0.0,0.0,0.0038574916354566073,0.0,0.0,0.0,0.024291266752202716,0.0,0.0,0.0,0.0,0.0,0.0,0.0,0.0,0.0,0.010309690929816184,0.07537469442482587,0.0,0.24000622098497448,0.15103951917143266,0.0,0.0,0.0,0.0,0.0,0.0,0.003306110235883992,0.0,0.0,0.0018075654053416733,0.0,0.0,0.0,0.010875534729375573,0.0
Slope,0.0,0.0,0.0,0.0,0.0,0.01300323640130245,0.0,0.0,0.0,0.0,0.0,0.0,0.0,0.0,0.0,0.0,0.0,0.0,0.0,1.5525922225225959,0.0,0.0,0.0,0.0,0.0,0.02132739597998548,0.0,0.0,0.0,0.0,0.0,0.0,0.0,0.07357435669670773,0.0,0.03394684136882845,0.0,0.0,0.0,0.0,0.0,0.0,0.0,0.039953731859319774,0.0,0.0,0.0,0.0,0.0,0.0,0.0,0.0,0.0,0.0,0.0,0.0,0.0,0.0,0.0,0.07305373556588372,0.0,0.0,0.0,0.0,0.0,0.0,0.0,0.0,0.0,0.01827106337006313,0.0,0.0,0.05488314300659991,0.0,0.0,0.0,0.0,0.050222578978726375,0.0,0.0,0.0,0.0,0.0,0.00427121010595551,0.0,0.0,0.0,0.0,0.0
Parallelogram,0.01934386043423978,0.0,0.0,0.0,0.0,0.0,0.004682152781325226,0.0,0.004835965108559945,0.0,0.002854929839454994,0.0032293713087983606,0.03627910143624068,0.004835965108559945,0.0,0.0037627646646020223,0.0,0.0,0.0,0.008336314283918006,0.2130840225003518,0.012773769879349387,0.0,0.0051657581182634905,0.025694368555094948,0.0,0.027209326077180504,0.0,0.0,0.0,0.0,0.07372135036390191,0.0,0.005728107355280013,0.0,0.0,0.0,0.0,0.01472405207622412,0.019199782423358628,0.013604663038590252,0.0,0.0,0.0,0.007564191268989945,0.0,0.0,0.0,0.0,0.0,0.0,0.017164858274492382,0.004257923293116463,0.006409363586410888,0.0,0.0,0.0,0.05257917438320369,0.012799854948905754,0.026812851536168397,0.0,0.0,0.0,0.005937881133191552,0.0,0.04682152781325226,0.0,0.0,0.0,0.002844975265234743,0.0,0.0,0.11323209002659237,0.03206122345999935,0.0,0.0,0.0,0.0,0.0,0.0,0.0,0.0,0.0,0.021947221478698726,0.0,0.010947915210176403,0.0,0.004001494323726422,0.0
Pentagon,0.0035027416450471778,0.0,0.0,0.0,0.0,0.010998978158996432,0.0033913337188044867,0.0,0.0035027416450471778,0.0,0.11786781765749904,0.0046781368834221855,0.05255468829610804,0.0035027416450471778,0.0,0.005450821995338267,0.0,0.0,0.0,0.0,0.004008806594577461,0.45027272037532834,0.0,0.003741614276135711,0.002067856450131562,0.0,0.0032846680185067527,0.0,0.0,0.0,0.0,0.042155659388934806,0.0,0.008297859777824178,0.0,0.0,0.0,0.0,0.00213295791981392,0.013906609324187077,0.009854004055520258,0.0,0.007775293254667291,0.0,0.03287295152989615,0.0,0.0,0.0024117189100651085,0.0,0.0,0.0,0.007459615099741801,0.0030840597285981394,0.03868642599149429,0.0,0.0,0.0,0.004008806594577461,0.004635536441395692,0.008827653331000987,0.0,0.0,0.0,0.0,0.0,0.033913337188044866,0.0,0.0,0.0,0.004121292489487924,0.07880411950372676,0.0,0.049518625269112694,0.01625560277182423,0.0,0.0,0.0,0.0,0.0,0.0,0.007929692971781907,0.0,0.0,0.008670877658706673,0.0,0.013216154952969844,0.008601742593946658,0.0,0.0
Bisection,0.008873612167452851,0.03939481915698095,0.0,0.0,0.0,0.08080582620809379,0.0,0.0,0.0,0.0,0.049766411899832934,0.0,0.004160579490108554,0.0,0.0,0.0,0.0,0.0,0.0,0.0,0.015233465059394356,0.0,0.03678717834835386,0.0,0.0,0.0,0.004160579490108554,0.0,0.0,0.0,0.0,0.046277546084741765,0.0,0.0,0.0,0.0,0.0,0.0,0.008105240095292897,0.07046015390921453,0.0,0.0,0.0,0.0,0.0,0.0,0.0,0.03665812743298966,0.0,0.0,0.0,0.0,0.0,0.003920224500471422,0.0,0.0,0.0,0.05839494939434503,0.0,0.0134180330631215,0.0,0.0,0.0,0.0,0.0,0.0,0.0,0.0,0.0,0.006525379775022546,0.005871679492434544,0.0,0.22933313327757818,0.07647874065982066,0.0,0.0,0.0,0.0,0.0,0.0,0.0,0.0,0.0,0.0,0.0,0.0,0.0,0.0,0.0
Nonagon,0.0,0.0,0.0,0.0,0.0,0.006911168953448152,0.01065466262837,0.0,0.011004676506880504,0.0,0.03248325683474383,0.0,0.10319547554206254,0.011004676506880504,0.0,0.0,0.0,0.0,0.0,0.0,0.012594597096349663,0.029067870040409238,0.02606965394765234,0.31738905981740173,0.0064966513669487665,0.0,0.0,0.0,0.0,0.0,0.0,0.026488359206590532,0.0,0.0,0.0,0.0,0.0,0.0,0.006701182755950819,0.0,0.030958642662618763,0.0,0.0,0.0,0.0,0.0,0.0,0.0,0.0,0.0,0.0,0.023436113581078572,0.009689290013469746,0.0340318701714153,0.0,0.009689290013469746,0.0,0.012594597096349663,0.0,0.022187298765791456,0.0,0.0,0.0,0.0,0.0,0.10654662628370001,0.0,0.0,0.0,0.003236999415956066,0.0582544579564372,0.0,0.09237221903669866,0.02188746514946412,0.0,0.0,0.0,0.0,0.0,0.0,0.0,0.0,0.0,0.004540262711055069,0.0,0.04982594481481859,0.0,0.00910576267367666,0.0
Rectangle,0.03203653676501602,0.0,0.0,0.0,0.0,0.007544857797317324,0.0,0.0,0.0,0.0,0.009456443823524278,0.005348357067293559,0.05632876243771608,0.0,0.0,0.0,0.0,0.0,0.0,0.0,0.022915670934619017,0.0,0.0,0.0,0.20567765316165307,0.0,0.0,0.0,0.0,0.0,0.0,0.04176913185299042,0.0,0.0,0.0,0.0,0.0,0.0,0.014631235702104655,0.010599306820154046,0.0,0.0,0.0,0.0,0.0,0.0,0.0,0.0,0.0,0.0,0.0,0.00568555190983186,0.0,0.007076623023773627,0.0,0.0035259020965921423,0.0,0.06874701280385705,0.010599306820154046,0.0,0.0,0.0,0.0,0.0,0.0,0.0,0.0,0.0,0.0,0.01413520661867348,0.0,0.0,0.21583700222509564,0.014602095899618613,0.0,0.0,0.0036382823635069885,0.0,0.014229997355380433,0.0,0.0,0.0,0.0,0.018174060192962554,0.0,0.0,0.0,0.0,0.0
Inverse trigonometric functions,0.0,0.0,0.0,0.0,0.0,0.0,0.0,0.0,0.0,0.0,0.01755478135324454,0.029785797071576362,0.0,0.0,0.0,0.0,0.0,0.0,0.0,0.0,0.0,0.0,0.0,0.0,0.0,0.39818702069015444,0.0,0.0,0.0,0.0,0.0,0.0,0.0,0.0,0.0,0.45096934212047374,0.0,0.0,0.0,0.0,0.0,0.0,0.0,0.0,0.3023262403999492,0.0,0.0,0.0,0.0,0.0,0.0,0.0,0.0,0.0,0.0,0.0,0.0,0.0,0.0,0.10866465605639619,0.0,0.0,0.0,0.0,0.0,0.0,0.0,0.0,0.0,0.006560089241910963,0.009838186383600431,0.0,0.11823230275357959,0.02710708228173881,0.0,0.0,0.0,0.0,0.0,0.0,0.022439343941425396,0.0,0.0,0.01533546181659558,0.0,0.0,0.0,0.0,0.0
Diameter,0.0,0.0,0.0,0.0,0.0,0.007979258700799229,0.0,0.0,0.0,0.0,0.08250747236024934,0.0,0.011914386721674494,0.0,0.0,0.0,0.0,0.0,0.0,0.0,0.007270517414710942,0.0,0.0,0.0,0.007500679305477212,0.0,0.6433768829704226,0.0,0.0,0.0,0.0,0.01019400490677878,0.0,0.09029580140050493,0.0,0.0,0.0,0.0,0.007736820090961401,0.0,0.0,0.0,0.0,0.0,0.0,0.0,0.0,0.01749592445665415,0.0,0.0,0.0,0.009019352802415085,0.0,0.005613048716584081,0.0,0.0,0.0,0.007270517414710942,0.0,0.025616244938686496,0.0,0.0,0.0,0.03120086631804288,0.0,0.0,0.0,0.0,0.0,0.018686314810291836,0.050443064730460396,0.0,0.022452194866336324,0.008423357799945283,0.0,0.0,0.06925966608348759,0.0,0.0,0.0,0.009587719684063578,0.0,0.0,0.005241939675490853,0.0,0.0,0.0,0.0,0.0
Face (geometry),0.0,0.0,0.0,0.0,0.0,0.0,0.0,0.0,0.0,0.0,0.0,0.0,0.028490924769221614,0.0,0.0,0.0,0.0,0.0,0.0,0.0,0.0,0.0,0.0,0.0,0.0,0.0,0.0,0.0,0.0,0.0,0.0,0.0,0.0,0.0,0.0,0.0,0.0,0.0,0.0,0.0,0.0,0.0,0.0,0.0,0.0,0.0,0.0,0.02091904011121692,0.0,0.0,0.0,0.0,0.0,0.17449260140685294,0.0,0.0,0.0,0.0,0.0,0.0,0.0,0.0,0.0,0.0,0.0,0.0,0.0,0.0,0.0,0.05362159902083744,0.0,0.0,0.0,0.0,0.0,0.0,0.0,0.0,0.07197491415982277,0.0,0.0,0.0,0.0,0.1128156582333901,0.0,0.0,0.5222753709759352,0.0,0.0
Cross section (geometry),0.0,0.0,0.0,0.0,0.0,0.13072402552373205,0.0,0.0,0.0,0.0,0.052664344059733616,0.0,0.05576946976102955,0.0,0.0,0.0,0.0,0.0,0.0,0.051259464426644766,0.0,0.0,0.0,0.0,0.01755478135324454,0.0,0.0,0.0,0.0,0.0,0.09302345858459975,0.023858309356290765,0.0,0.0,0.0,0.0,0.0,0.0,0.0,0.0,0.0,0.0,0.0,0.0,0.0,0.0,0.0,0.061421862454211384,0.0,0.035221766503743056,0.0,0.0,0.0,0.013136922528175509,0.0,0.0,0.0,0.0,0.0,0.04496468526471566,0.0,0.0,0.0,0.0,0.0,0.0,0.0,0.0,0.0,0.061227499591168986,0.07870549106880345,0.0,0.07882153516905305,0.009857120829723204,0.0365116520743055,0.0,0.05403236361123145,0.0,0.0,0.0,0.0,0.0,0.0,0.012268369453276463,0.0,0.022439343941425396,0.0365116520743055,0.0,0.0
Chord (geometry),0.0,0.0,0.05297346293076722,0.0,0.0,0.0,0.0,0.0,0.0,0.0,0.2750249078674978,0.0,0.0,0.0,0.0,0.0,0.0,0.0,0.0,0.0,0.0,0.0,0.0,0.0,0.0,0.0,0.1365190145191869,0.0,0.0,0.04007681275563756,0.0,0.0,0.0,0.0,0.0,0.09547549134983002,0.0,0.0,0.0,0.03853289666910169,0.0,0.0,0.0,0.11236987085433686,0.22771367466021816,0.0,0.0,0.04009482687983243,0.0,0.0,0.0,0.0,0.0,0.0,0.0,0.0,0.0,0.0,0.0,0.0,0.0,0.0,0.0,0.0,0.0,0.0,0.0,0.0,0.0,0.01712912190943418,0.0,0.0,0.11576912977954668,0.009651764145770635,0.0,0.0,0.0,0.0,0.0,0.0,0.021971857609312365,0.0,0.0,0.0,0.0,0.0,0.0,0.0,0.0
Cone,0.02010926498379603,0.0,0.018292994393358467,0.0,0.0,0.00631452127401378,0.0,0.0,0.0,0.0,0.05342210440591683,0.0,0.009428651362476219,0.0,0.0,0.0,0.0,0.0,0.0,0.0,0.0,0.0,0.0,0.0,0.0,0.0,0.0,0.0,0.0,0.0,1.2267050329897218,0.0,0.0,0.011909518170330386,0.017332336892462618,0.0,0.0,0.0,0.0,0.0,0.0,0.0,0.0,0.0,0.047180962807297,0.0,0.0,0.027691391226359094,0.0,0.011909518170330386,0.0,0.0,0.0,0.0044419809987356045,0.0,0.0,0.0,0.0,0.0,0.0,0.0,0.012809972436186546,0.0,0.024691333057444007,0.0,0.0,0.0,0.0,0.0,0.03253300851863758,0.14636956432579634,0.0,0.035535847989884836,0.0,0.0,0.0,0.009134967948661433,0.0,0.0,0.0,0.007587404066525134,0.0,0.0,0.004148297584920819,0.0,0.0,0.0,0.0,0.0
Diagonal,0.0,0.0,0.0,0.0,0.0,0.0,0.0,0.0,0.0,0.0,0.005093053849398107,0.0,0.0,0.0,0.0,0.020137759038333043,0.0,0.0,0.0,0.0,0.0,0.007595924887102825,0.0,0.0,0.005093053849398107,0.0,0.0,0.0,0.0,0.0,0.0,0.685263663177907,0.0,0.0,0.0,0.0,0.0,0.0,0.00525339635806021,0.0,0.0,0.0,0.0,0.0,0.0,0.0,0.0,0.011879948705135535,0.0,0.0,0.0,0.0,0.022787774661308473,0.07622658750916653,0.0,0.0,0.0,0.00987354216812597,0.0,0.0,0.0,0.0,0.0,0.0,0.0,0.0,0.0,0.0,0.0,0.010150590761146182,0.0,0.0,0.03430196437912494,0.008579345907351677,0.0,0.0,0.0,0.0,0.0,0.0,0.0,0.0,0.0,0.014237367019851697,0.0,0.026040720129555397,0.052964433564578965,0.0,0.0
Edge (geometry),0.0,0.0,0.0,0.0,0.0,0.0,0.0,0.0,0.0,0.0,0.0,0.0,0.0,0.0,0.0,0.0,0.0,0.0,0.0,0.0,0.0,0.0,0.0,0.0,0.0,0.0,0.0,0.0,0.0,0.0,0.0,0.033980016355929274,0.0,0.0,0.0,0.0,0.0,0.0,0.0,0.0,0.0,0.0,0.0,0.0,0.0,0.0,0.0,0.11663949637769436,0.0,0.0,0.0,0.0,0.0,0.16839146149752243,0.0,0.0,0.0,0.0,0.0,0.0,0.0,0.0,0.0,0.0,0.0,0.0,0.0,0.0,0.0,0.03737262962058367,0.0,0.0,0.018710162388613606,0.014038929666575472,0.0,0.0,0.0,0.0,0.0,0.0,0.0,0.0,0.0,0.017473132251636176,0.0,0.0,0.6760187702242624,0.0,0.0
Distance,0.0,0.0,0.0,0.0,0.0,0.0,0.0,0.0,0.0,0.0,0.007174562813934725,0.0040577752532292444,0.0,0.0,0.0,0.0,0.0,0.0,0.0,0.0,0.0,0.0,0.0,0.0,0.0,0.0,0.0,0.0,0.0,0.0,0.0,0.0,0.0,1.3819183518685971,0.0,0.0,0.0,0.0,0.0,0.0,0.0,0.0,0.0,0.0,0.0,0.0,0.0,0.0,0.0,0.0,0.0,0.0,0.0,0.0,0.0,0.0,0.0,0.0,0.0,0.0,0.033165994182741215,0.0,0.0,0.007461076728227645,0.0,0.0,0.0,0.0,0.0,0.012511706438195403,0.016083296001016358,0.0,0.01342250780052715,0.010071406065151969,0.0,0.0,0.0,0.0,0.0,0.0,0.018341724612991193,0.0,0.0,0.02005611701926935,0.0,0.0,0.0,0.0,0.0
Coordinate system,0.013061625386671251,0.0,0.07129138936477084,0.0,0.0,0.008202976234466497,0.0,0.0,0.0,0.0,0.015421957450513894,0.0,0.0,0.0,0.0,0.0,0.0,0.0,0.0,0.0,0.0,0.0,0.0,0.0,0.0,0.0,0.0,0.0,0.0,0.0,0.0,0.0,0.0,0.12376994584492887,1.3284345313559431,0.0,0.0,0.0,0.0,0.0,0.0,0.0,0.0,0.0,0.020430385763907422,0.0,0.0,0.0,0.0,0.0,0.0,0.0,0.0,0.0,0.0,0.0,0.0,0.0,0.0,0.0065836143534007355,0.0,0.11648694561130381,0.0,0.0,0.0,0.0,0.0,0.0,0.0,0.03457841432184844,0.0,0.0,0.05193381522820785,0.008659526710224122,0.0,0.0,0.03560076294011044,0.0,0.0,0.0,0.0,0.0,0.0,0.0,0.0,0.009856534254644798,0.0,0.0,0.0
Trigonometric functions,0.013536018560521298,0.0,0.0,0.0,0.0,0.0,0.0,0.0,0.0,0.0,0.04594847129021149,0.0022597779860598697,0.0,0.0,0.0,0.0,0.0,0.0,0.0,0.0,0.0,0.0,0.0,0.0,0.0,0.03485712418036367,0.0,0.0,0.0,0.0,0.0,0.0,0.0,0.008016576395525055,0.0058334015207077575,0.3495373920603947,0.0,0.0,0.0,0.0,0.0,0.0,0.0,0.0,0.5928274648781272,0.0,0.0,0.0,0.0,0.0,0.0,0.0,0.0,0.0,0.0,0.0,0.0,0.0,0.0,0.07505001543779823,0.0,0.0,0.0,0.0,0.0,0.0,0.0,0.0,0.0,0.002986190744501843,0.04030559651586424,0.0,0.15697509122650397,0.03253088545015188,0.0,0.0,0.0,0.0,0.0,0.0,0.010214519760261439,0.0,0.0,0.011169266136639105,0.0,0.0,0.0,0.0,0.0
Pythagorean triple,0.024519191515330243,0.0,0.0,0.0,0.0,0.002199795631799286,0.0,0.0,0.0,0.0,0.07030711930447311,0.028068821300533116,0.0032846680185067527,0.0,0.0,0.0,0.0,0.0,0.0,0.0,0.0,0.0,0.0,0.0,0.002067856450131562,0.0,0.006569336037013505,0.0,0.0,0.0,0.010957650509965383,0.0,0.0,0.0,0.0,0.0,0.7638039307986402,0.0,0.0,0.0,0.0,0.0,0.0,0.0,0.005478825254982692,0.0,0.0,0.0,0.0,0.0,0.0,0.0,0.0,0.0,0.0,0.0,0.0,0.0,0.0,0.0017655306662001972,0.0,0.0,0.0,0.0,0.0,0.0,0.0,0.0,0.0,0.006181938734231885,0.018542145765582767,0.0,0.12224910613312197,0.07082798350580558,0.0,0.0,0.0,0.0,0.0,0.0,0.015859385943563814,0.0,0.0,0.06936702126965338,0.0,0.0,0.0,0.0,0.0
Similarity (geometry),0.0,0.017235233381179164,0.0,0.0,0.0,0.004876213650488418,0.0,0.07533386846808957,0.0,0.0,0.013751245393374889,0.010369870091585846,0.021843042323069904,0.0,0.0,0.0,0.0,0.0,0.0,0.0,0.0,0.0,0.0,0.0,0.009167496928916594,0.0,0.0,0.0,0.0,0.0,0.0,0.0062296696652536995,0.0,0.07357435669670773,0.0,0.0,0.0,0.007281014107689969,0.0,0.010275439111760452,0.0,0.0,0.017235233381179164,0.0,0.0,0.0,0.0,0.010691953834621983,0.0,0.0,0.0,0.0,0.0,0.03087176794121245,0.0,0.006836332398392543,0.0,0.0,0.0,0.0,0.0,0.0,0.0,0.0,0.0,0.0,0.01883346711702239,0.006041327711499914,0.0,0.0502454242676736,0.020550878223520905,0.0,0.20924198271266214,0.11067356220483664,0.0,0.0,0.007054225249244106,0.0,0.0,0.0,0.005859162029149965,0.0,0.0,0.019220445476799793,0.0,0.0,0.0,0.012849242883965955,0.0
Rhombus,0.010391032835493115,0.0,0.0,0.0,0.0,0.019577363355120787,0.005030268229750893,0.0,0.005195516417746558,0.0,0.021470345967351128,0.0,0.024360270248776846,0.005195516417746558,0.0,0.0,0.0,0.0,0.0,0.0,0.056488406679352676,0.013723492546959008,0.0,0.005549829353822114,0.03373911509155177,0.0,0.004872054049755369,0.0,0.0,0.0,0.04063292335944413,0.11671946138616597,0.0,0.006153988943033173,0.0,0.0,0.0,0.0,0.180334059369249,0.01375151702689131,0.014616162149266107,0.0,0.0,0.0,0.01625316934377765,0.0,0.0,0.0035772336249664622,0.0,0.0,0.0,0.014752844732574863,0.004574497515653002,0.011476493658443289,0.0,0.0,0.0,0.047569184572086455,0.0,0.01571256659807908,0.0,0.0,0.0,0.00637935928435821,0.0,0.05030268229750893,0.0,0.0,0.0,0.003056497589787512,0.041254551080673926,0.0,0.08033545560910302,0.010333487263873394,0.0,0.0,0.0,0.0,0.0,0.0,0.0,0.0,0.0,0.01929189694697377,0.0,0.011761886601267585,0.05103487427486568,0.0,0.0
Midpoint,0.0,0.0,0.0,0.0,0.0,0.03695656661422801,0.0,0.0,0.0,0.0,0.056452481088591654,0.004912043727593295,0.00689780283886418,0.0,0.0,0.0,0.0,0.0,0.0,0.0,0.012627740772919005,0.0,0.008712752766715388,0.0,0.0,0.0,0.00689780283886418,0.0,0.0,0.0,0.0,0.03541075388670524,0.0,0.0,0.0,0.0,0.0,0.0,0.0,0.4769966998196168,0.0,0.0,0.0,0.0,0.0,0.0,0.0,0.04558148740023056,0.0,0.0,0.0,0.0,0.0,0.055244216315853856,0.0,0.0064765254300560935,0.0,0.04630171616736968,0.0,0.007415228798040829,0.0,0.0,0.0,0.0,0.0,0.0,0.0,0.0,0.0,0.0216367855698116,0.0,0.0,0.0942401337152801,0.06827353164166176,0.0,0.0,0.0,0.0,0.0,0.0,0.0,0.0,0.0,0.0,0.0,0.0,0.0,0.0,0.0
Octagon,0.025227327010357833,0.0,0.0,0.0,0.0,0.006337317379696139,0.004884989724920542,0.0,0.005045465402071567,0.0,0.01787165466286989,0.0,0.08989555324295918,0.005045465402071567,0.0,0.0,0.0,0.0,0.0,0.0,0.011548836326616659,0.013327146191812177,0.0,0.005389545473567324,0.0029786091104783154,0.0,0.014194034722572501,0.0,0.0,0.0,0.0,0.0688187334861961,0.0,0.0,0.0,0.0,0.0,0.0,0.003072383429623661,0.033385903251207244,0.4684031458448926,0.0,0.0,0.0,0.0,0.0,0.0,0.0,0.0,0.0,0.0,0.010745077345837467,0.004442382063937393,0.031206119218554096,0.0,0.004442382063937393,0.0,0.011548836326616659,0.006677180650241449,0.010172516040633628,0.0,0.0,0.0,0.0,0.0,0.0586198766990465,0.0,0.0,0.0,0.00296822329116549,0.06009462585217303,0.0,0.049038187343442154,0.013380062931321027,0.0,0.0,0.0,0.0,0.0,0.0,0.0,0.0,0.0,0.04579600727324139,0.0,0.011422193125418702,0.006195117860983244,0.004174844258328288,0.0
Reflection (mathematics),0.0,0.0,0.0,0.0,0.0,0.09752427300976836,0.0,0.0,0.0,0.0,0.1375124539337489,0.0,0.07281014107689968,0.0,0.0,0.0,0.0,0.0,0.0,0.0,0.0,0.0,0.0,0.0,0.0,0.0,0.0,0.0,0.0,0.0,0.0,0.0,0.0,0.1839358917417693,0.0,0.0,0.0,0.0,0.0,0.0,0.0,0.0,0.0,0.0,0.24289458630423266,0.0,0.0,0.0,0.0,0.0,0.0,0.0,0.0,0.0,0.0,0.0,0.0,0.0,0.0,0.0,0.0,0.0,0.0,0.0,0.0,0.0,0.0,0.0,0.0,0.09135531685031563,0.20550878223520902,0.0,0.06860392875824987,0.0,0.0,0.0,0.0,0.0,0.0,0.0,0.0,0.0,0.0,0.0,0.0,0.0,0.0,0.0,0.0
Concentric,0.0,0.0,0.0,0.0,0.0,0.0,0.0,0.0,0.0,0.0,0.2780143090399706,0.0,0.014245462384610807,0.0,0.0,0.0,0.0,0.0,0.0,0.0,0.0,0.0,0.0,0.0,0.0,0.0,0.014245462384610807,0.0,0.0,0.0,0.0,0.0,0.0,0.035987457079911384,0.0,0.0,0.0,0.0,0.0,0.0,0.0,0.0,0.876748828520853,0.0,0.0,0.0,0.0,0.0,0.0,0.0,0.0,0.0,0.0,0.020133761700790724,0.0,0.0,0.0,0.0,0.0,0.0,0.0,0.0,0.0,0.0,0.0,0.0,0.0,0.0,0.0,0.035747732680558295,0.10052060000635224,0.0,0.0268450156010543,0.020142812130303937,0.0,0.0,0.09661221537008233,0.0,0.0,0.0,0.0,0.0,0.0,0.0,0.0,0.0,0.0,0.0,0.0
Secant line,0.0,0.0,0.0,0.0,0.0,0.0,0.0,0.0,0.0,0.0,0.2449440585694902,0.0,0.0,0.0,0.0,0.0,0.0,0.0,0.0,0.0752873383766345,0.0,0.0,0.0,0.0,0.0,0.0,0.0,0.0,0.0,0.0,0.0,0.0,0.0,0.0,0.0,0.0,0.0,0.0,0.0,0.0,0.0,0.0,0.0,0.6742192251260212,0.0,0.0,0.0,0.06014224031974865,0.0,0.0,0.0,0.0,0.0,0.0,0.0,0.0,0.0,0.0,0.0,0.13208376296510227,0.0,0.0,0.0,0.0,0.0,0.0,0.0,0.0,0.0,0.070657627876416,0.0,0.0,0.0,0.0,0.0,0.0,0.0,0.0,0.0,0.0,0.0,0.0,0.0,0.0,0.0,0.0,0.0,0.0,0.0
Sine,0.009075285171258598,0.0,0.0577892322881097,0.0,0.0,0.0,0.0,0.0,0.0,0.0,0.04553983864039736,0.012120627379775664,0.0,0.0,0.0,0.0,0.0,0.0,0.0,0.0,0.0,0.0,0.0,0.0,0.0,0.0,0.0,0.0,0.0,0.0,0.0,0.0,0.0,0.016124250250090167,0.023466183390119844,0.1413533248555925,0.0,0.0,0.0,0.0,0.0,0.0,0.0,0.0,0.9581718258429959,0.0,0.0,0.006248544448805055,0.0,0.0,0.0,0.0,0.0,0.0,0.0,0.0,0.0,0.0,0.0,0.013722988360010624,0.0,0.017343371772369446,0.0,0.0,0.0,0.0,0.0,0.0,0.0,0.002669473544327405,0.018015380260878712,0.0,0.1463401986823707,0.02857924967838578,0.0,0.0,0.0,0.0,0.0,0.0,0.0034241856014512783,0.0,0.0,0.01684909181407774,0.0,0.0,0.0,0.0,0.0
Prism (geometry),0.0,0.0,0.0,0.0,0.0,0.025318801646766788,0.013010982248105676,0.0,0.0,0.0,0.0,0.0,0.1512210622366378,0.013438403042056,0.0,0.0,0.0,0.0,0.0,0.0,0.038449851712413635,0.09465691013158906,0.0,0.0,0.031733643215480514,0.0,0.0,0.0,0.0,0.0,0.0,0.010782120574477558,0.0,0.04775258727911318,0.0,0.0,0.0,0.0,0.0,0.0,0.0,0.0,0.0,0.0,0.0,0.0,0.0,0.03701060942753763,0.0,0.0,0.0,0.009539700079477496,0.0,0.08905317675349743,0.0,0.0,0.0,0.0,0.0,0.0,0.0,0.0,0.0,0.0,0.0,0.013010982248105676,0.0,0.0,0.0,0.015811497147170017,0.0,0.0,0.04155814915163214,0.008909320749942126,0.0,0.0,0.0,0.0,0.0,0.0,0.0,0.0,0.0,0.07207667053799922,0.0,0.01014085735814417,0.2970082466813697,0.0,0.0
Parallel (geometry),0.0,0.0,0.0,0.09631703216086016,0.0,0.07314320475732627,0.0,0.0,0.0,0.0,0.0491115906906246,0.0,0.0,0.0,0.0,0.0,0.0,0.0,0.0,0.08604267243043942,0.0,0.0,0.0,0.0,0.0,0.0,0.0,0.0,0.0,0.0,0.0,0.0,0.0,0.2956112545849864,0.0,0.0,0.0,0.0,0.0,0.0,0.0,0.0,0.0,0.0,0.0,0.0,0.0,0.0,0.0,0.0,0.0,0.0,0.0,0.0,0.0,0.0,0.0,0.0,0.0,0.0,0.0,0.0,0.0,0.0,0.0,0.0,0.0,0.0,0.0,0.19576139325067637,0.0,0.0,0.03675210469191958,0.0,0.0,0.0,0.09069718177599564,0.0,0.0,0.0,0.0,0.0,0.0,0.0,0.0,0.0,0.0,0.0,0.0
Line segment,0.0,0.0,0.0,0.0,0.0,0.03989629350399615,0.0,0.0,0.0,0.0,0.050004528703181415,0.0,0.009928655601395412,0.0,0.01825147597009321,0.0,0.0,0.0,0.0,0.0,0.006058764512259118,0.0,0.0,0.0,0.006250566087897677,0.0,0.04964327800697706,0.0,0.0,0.0,0.0,0.033980016355929274,0.0,0.06270541763923954,0.01825147597009321,0.0,0.0,0.0,0.0064473500758011676,0.09808373697589522,0.0,0.0,0.0,0.0,0.0,0.0,0.0,0.32075861503865943,0.0,0.0,0.0,0.007516127335345906,0.0,0.018710162388613606,0.0,0.0,0.009322271452353467,0.024235058049036473,0.0,0.0,0.0,0.0,0.0,0.013000360965851202,0.0,0.0,0.0,0.0,0.0,0.02802947221543775,0.014011962425127889,0.0,0.05145294656868741,0.024568126916507074,0.0,0.0,0.028858194201453163,0.0,0.0,0.0,0.007989766403386315,0.0,0.0,0.008736566125818088,0.0,0.0,0.026000721931702404,0.0,0.0
Special right triangles,0.02047756654027581,0.0,0.0,0.0,0.0,0.0,0.0,0.0,0.0,0.0,0.018133510408846008,0.06837276983463196,0.0,0.0,0.0,0.0,0.0,0.0,0.0,0.0,0.0,0.013522415733084152,0.0,0.0,0.003022251734807668,0.0,0.0,0.0,0.0,0.0,0.0,0.004107474504562879,0.0,0.0,0.0,0.02518034936698814,0.09232794767895651,0.0,0.0,0.006775014798962935,0.0,0.0,0.0,0.0,0.0,0.0,0.0,0.007049639890959549,0.02109302899119443,0.0,0.0,0.0,0.0,0.00452333596208241,0.0,0.013522415733084152,0.0,0.0,0.0,0.0,0.0,0.0,0.0,0.0,0.0,0.014869693997835057,0.012417670626608169,0.0,0.0,0.006023427484636196,0.0,0.0,0.24878347791453254,0.1323670511419973,0.0,0.0,0.0,0.0,0.0,0.0,0.015452735021933972,0.0,0.0,0.019009231790241554,0.0,0.01158955126645048,0.0,0.008472028275142388,0.0
Cylinder (geometry),0.0,0.0,0.0,0.0,0.0,0.07021747656703323,0.0,0.0,0.0,0.0,0.055004981573499555,0.0,0.0,0.0,0.0,0.0,0.0,0.0,0.0,0.0,0.010663425541576049,0.0,0.0,0.0,0.03300298894409973,0.0,0.05242330157536777,0.0,0.0,0.0,0.20403145249555546,0.0,0.0,0.022072307009012318,0.0,0.0,0.0,0.0,0.0,0.0,0.0,0.0,0.0,0.0,0.0,0.0,0.0,0.05132137840618552,0.0,0.022072307009012318,0.0,0.0,0.0,0.0,0.0,0.0,0.0,0.0,0.0,0.00939262314418505,0.0,0.0,0.0,0.0,0.0,0.0,0.0,0.0,0.0,0.08770110417630302,0.19728843094580067,0.0,0.032929885803959946,0.0,0.0,0.0,0.23702196837460196,0.0,0.0,0.0,0.0,0.0,0.0,0.0,0.0,0.0,0.022880635299898113,0.0,0.0
Vertex (geometry),0.024519191515330243,0.0,0.0,0.0,0.0,0.0,0.0,0.0,0.0,0.0,0.0,0.0,0.0,0.0,0.0,0.019077876983683937,0.0,0.0,0.0,0.0,0.0,0.0,0.0,0.0,0.0,0.0,0.0,0.0,0.0,0.0,0.0,0.05901792314450873,0.0,0.0,0.0,0.0,0.0,0.0,0.0,0.0,0.0,0.0,0.0,0.0,0.0,0.0,0.0,0.06752812948182305,0.0,0.0,0.0,0.0,0.0,0.22747618482998644,0.0,0.0,0.0,0.0,0.0,0.0,0.0,0.0,0.0,0.0,0.0,0.0,0.0,0.0,0.0,0.028849047426415465,0.0,0.0,0.09748979349856561,0.0,0.0,0.0,0.02227650078708665,0.0,0.1161700368895385,0.0,0.0,0.0,0.0,0.0,0.0,0.0,0.27095489170931975,0.0,0.0
Trapezoid,0.016638022813974095,0.0,0.0,0.0,0.0,0.01393203900139548,0.0,0.0,0.0,0.0,0.00982231813812492,0.0,0.03120434617581415,0.0,0.0,0.0,0.0,0.0,0.0,0.0,0.034910024094445394,0.0,0.0,0.0,0.0163705302302082,0.0,0.0,0.0,0.0,0.0,0.0,0.08454551688558593,0.0,0.03941483394466485,0.0,0.0,0.0,0.0,0.006754366746077413,0.044037596193259074,0.0,0.0,0.0,0.0,0.026024419961167788,0.0,0.0,0.003818554940936422,0.0,0.0,0.0,0.30708748827270416,0.0,0.0,0.016593183308998168,0.0,0.0,0.08251460240505275,0.007339599365543179,0.011181694219267915,0.0,0.0,0.0,0.006809712886874438,0.0,0.0,0.0,0.0,0.0,0.013050759550045091,0.0,0.0,0.10290589313737482,0.03309176278549932,0.0,0.0,0.0,0.0,0.0,0.0,0.0,0.0,0.0,0.004576296542095189,0.0,0.0,0.006809712886874438,0.0,0.0
Heptagon,0.0,0.0,0.0,0.0,0.0,0.0,0.0069037864989948475,0.0,0.007130581205988897,0.0,0.02946695441437476,0.0,0.04011987365461819,0.007130581205988897,0.0,0.0,0.0,0.0,0.0,0.0,0.008160784853246976,0.018834793342510068,0.0,0.007616857633561983,0.004209564916339252,0.0,0.0,0.0,0.0,0.0,0.0,0.04576900162227208,0.0,0.0,0.0,0.0,0.0,0.0,0.004342092908192622,0.0,0.020059936827309097,0.0,0.0,0.0,0.0,0.0,0.0,0.0,0.0,0.0,0.0,0.01518564502447438,0.4645915691152483,0.03780216482597443,0.0,0.018834793342510068,0.0,0.008160784853246976,0.0,0.01797057999525201,0.0,0.0,0.0,0.008755345140267134,0.0,0.07594165148894333,0.0,0.0,0.0,0.004194886998228779,0.02830988326709512,0.0,0.07875451005411338,0.035455460127320704,0.0,0.0,0.0,0.0,0.0,0.0,0.0,0.0,0.0,0.0029419049199183355,0.0,0.016142589263984597,0.008755345140267134,0.0,0.0
Polygon,0.003850120981746072,0.0,0.0,0.0,0.0,0.0,0.022365986013272564,0.0,0.007700241963492144,0.0,0.022729331228718827,0.0,0.014441680874756963,0.015400483926984287,0.0,0.008987099074958548,0.0,0.0,0.0,0.0,0.0066095612861008565,0.03728908580941387,0.0,0.016450733842183457,0.0022729331228718824,0.0,0.0,0.0,0.0,0.0,0.0,0.0061781847919871406,0.0,0.004560394010126511,0.0,0.0,0.0,0.0,0.00234449093665497,0.0,0.014441680874756963,0.0,0.0,0.0,0.0060221798257247775,0.0,0.0,0.013254488224737996,0.0,0.0,0.0,0.00819941163855917,0.006779833783529795,0.25854042573356983,0.0,0.0,0.0,0.013219122572201713,0.0,0.015524996932537272,0.0,0.0,0.0,0.0,0.0,0.11928525873745369,0.0,0.0,0.0,0.0090600314231718,0.020381036254731474,0.0,0.08334526882200606,0.0178677286665506,0.0,0.0,0.006995925867018948,0.0,0.004560394010126511,0.0,0.0,0.0,0.0,0.014296199114975053,0.0,0.020337587208619713,0.014182211962746764,0.0,0.0
Reflection symmetry,0.0,0.0,0.0,0.0,0.0,0.06095267063110523,0.0,0.0,0.0,0.0,0.02291874232229148,0.0,0.7098988754997719,0.0,0.0,0.0,0.0,0.0,0.0,0.0,0.0,0.0,0.0,0.0,0.0,0.0,0.0,0.0,0.0,0.0,0.0,0.0,0.0,0.045983972935442326,0.0,0.0,0.0,0.0,0.0,0.0,0.01820253526922492,0.0,0.0,0.0,0.0,0.0,0.0,0.0,0.0,0.0,0.0,0.027559133562934986,0.0,0.008575491094781234,0.3774949202797084,0.0,0.0,0.011107734939141717,0.0,0.0,0.0,0.0,0.0,0.0,0.0,0.0,0.0,0.0,0.0,0.005709707303144727,0.0,0.0,0.008575491094781234,0.006434509430513757,0.0,0.0,0.0,0.0,0.0,0.0,0.0,0.0,0.0,0.01601703789733316,0.0,0.01464790507287491,0.0,0.0,0.0
Isosceles triangle,0.0,0.0,0.0,0.0,0.0,0.007329590455848979,0.0,0.0,0.0,0.0,0.02066993044515641,0.013638868805217292,0.030096885038050393,0.0,0.0,0.0,0.0,0.0,0.0,0.0,0.0,0.0025689766841558615,0.0,0.0,0.0,0.0,0.002736080458004581,0.0,0.0,0.0,0.0,0.0046820064290006925,0.0,0.0069119959318410164,0.0,0.0,0.0,0.0,0.0035534455532599332,0.011584002338936627,0.0,0.0,0.0,0.0,0.004563781371060739,0.0,0.0,0.006026779823273352,0.0,0.0,0.0,0.004142500243280415,0.0,0.007734054599051135,0.0,0.1618455311018193,0.0,0.0033392773094705784,0.0,0.0014706612438703103,0.0,0.0,0.0,0.0,0.0,0.0,0.0,0.0,0.0,0.012015417456304562,0.015445336451915499,0.0,0.23073262887169219,0.1392755611180932,0.0,0.0,0.0,0.0,0.0,0.0,0.0022017727875720114,0.0,0.0,0.009630285833887161,0.0,0.0,0.0,0.0144855765288969,0.0
Line (geometry),0.010587832699801698,0.0,0.0,0.02043088560987943,0.0,0.019948146751998075,0.0,0.0,0.0,0.0,0.025002264351590708,0.0,0.009928655601395412,0.0,0.0,0.008238174152045337,0.0,0.05475442791027964,0.0,0.2737721395513982,0.006058764512259118,0.0,0.0,0.0,0.006250566087897677,0.0,0.009928655601395412,0.0,0.0,0.0,0.0,0.016990008177964637,0.0,0.08778758469493535,0.0,0.0,0.0,0.0,0.0064473500758011676,0.014011962425127889,0.0,0.0,0.0,0.04086177121975886,0.01656099452074314,0.0,0.0,0.07289968523605897,0.0,0.0,0.0,0.007516127335345906,0.0,0.009355081194306803,0.0,0.0,0.0,0.012117529024518237,0.0,0.0053367176955596875,0.0192630774293699,0.0,0.0,0.013000360965851202,0.0,0.0,0.0,0.0,0.0,0.1463761326806194,0.0,0.0,0.04209786537438061,0.010529197249931604,0.0,0.0,0.03847759226860421,0.0,0.0,0.0,0.007989766403386315,0.0,0.008760847420885879,0.008736566125818088,0.0,0.007989766403386315,0.0,0.0,0.0
Quadrilateral,0.017579797690236782,0.0,0.0,0.0,0.0,0.02208096747390982,0.00212758200283489,0.0,0.0021974747112795978,0.0,0.01297287301261782,0.0,0.0061819931103028036,0.0021974747112795978,0.0,0.0,0.0,0.003788042182472176,0.0,0.0,0.03898186223925207,0.007739244224595332,0.0,0.002347333484556838,0.023351171422712078,0.0,0.0020606643701009345,0.0,0.0,0.0,0.0,0.16396960722696058,0.0,0.010411465570288828,0.0,0.0,0.0,0.0,0.008028775566092019,0.04071400402773009,0.0061819931103028036,0.0,0.0,0.0,0.010311562626123085,0.0,0.0,0.01210409868070413,0.0,0.0,0.0,0.03119901912785093,0.001934811056148833,0.006795672188317205,0.0,0.0,0.0,0.2640706796852559,0.0,0.014399068499340287,0.0,0.0,0.0,0.0,0.0,0.021275820028348904,0.0,0.0,0.0,0.00904934742385202,0.0,0.0,0.08446049719765669,0.010926525448042231,0.0,0.0,0.0,0.0,0.0,0.0,0.0,0.0,0.0,0.025385494025961988,0.0,0.00663301361790562,0.0,0.0,0.0
Rotational symmetry,0.0,0.0,0.0,0.0,0.0,0.024899814385472775,0.0,0.0,0.0,0.0,0.005851593784414846,0.0,0.7528878417738989,0.0,0.0,0.0,0.0,0.0,0.0,0.0,0.011344069725080902,0.0,0.0,0.0,0.0,0.0,0.0,0.0,0.0,0.0,0.0,0.007952769785430254,0.0,0.023481177669162037,0.0,0.0,0.0,0.0,0.0,0.013117581844800576,0.009294911626838258,0.0,0.0,0.0,0.0,0.0,0.0,0.0,0.0,0.0,0.0,0.0,0.0,0.004378974176058503,0.014827951042083471,0.0,0.0,0.0,0.3804098734992167,0.0,0.0,0.0,0.0,0.0,0.0,0.0,0.02404272397917752,0.0,0.0,0.0,0.0,0.0,0.03503179340846802,0.0032857069432410675,0.0,0.0,0.0,0.0,0.0,0.0,0.0,0.0,0.0,0.012268369453276463,0.0,0.022439343941425396,0.0,0.008201644394020822,0.0
Tangent,0.0,0.0,0.0,0.0,0.0,0.01343446617991707,0.0,0.0,0.0,0.0,0.07156260357776728,0.0,0.0,0.0,0.0,0.0,0.0,0.0,0.0,0.2950034483329352,0.0,0.0,0.0,0.0,0.0,0.0,0.0,0.0,0.0,0.0,0.01115332284050048,0.0,0.0,0.025338107535855973,0.0,0.01169087649181592,0.0,0.0,0.0,0.0,0.0,0.0,0.0,0.08255745613788014,0.02230664568100096,0.0,0.0,0.0,0.0,0.0,0.0,0.0,0.0,0.0,0.0,0.0,0.0,0.0,0.0,0.4241056878879474,0.0,0.0,0.0,0.0,0.0,0.0,0.0,0.0,0.0,0.018876991492029507,0.018873255511396746,0.0,0.02520144321731628,0.0023636973418213803,0.0,0.0,0.006478370126856831,0.0,0.0,0.0,0.0,0.0,0.0,0.0,0.0,0.0,0.0,0.0,0.0
Triangle inequality,0.003903893621155933,0.0,0.02841034883437795,0.0,0.0,0.0,0.0,0.0,0.0,0.0,0.002304677998889646,0.028676456398519515,0.0,0.0,0.0,0.0,0.0,0.0,0.0,0.0,0.0022339578648553175,0.0,0.0,0.0,0.0,0.0,0.0,0.0,0.0,0.0,0.012212576965017286,0.0,0.0,0.0647372132945892,0.0,0.0,0.0064005915988712865,0.0,0.0,0.0,0.0,0.0,0.0,0.0,0.006106288482508643,0.0,0.0,0.0026879213550725653,0.0,0.0,0.0,0.0,0.0,0.02414551682552929,0.0,0.020623572598502643,0.0,0.006701873594565952,0.0,0.0,0.2983086627609685,0.0,0.0,0.0,0.0,0.0,0.0,0.0,0.0,0.02181809941536868,0.0,0.0,0.22593305029602403,0.12811503692933537,0.0,0.0,0.003546817164424411,0.0,0.0,0.0,0.0058918947779161655,0.0,0.0,0.006442607422390992,0.0,0.0,0.0,0.0,0.0
Cartesian coordinate system,0.032756107415011504,0.0,0.0,0.0,0.0,0.09600045624399073,0.0,0.0,0.0,0.0,0.032229481390722396,0.0,0.010238926088939018,0.0,0.0,0.0,0.0,0.0,0.0,0.0,0.006248100903267216,0.0,0.0,0.0,0.0,0.0,0.0,0.0,0.0,0.0,0.0,0.008760472966763015,0.0,0.2198608705975836,0.7528733837663449,0.0,0.0,0.0,0.0,0.0,0.0,0.0,0.0,0.0,0.01707852559951636,0.0,0.0,0.0,0.0,0.0,0.0,0.0,0.0,0.0,0.0,0.0,0.0,0.0,0.0,0.0,0.0,0.2086624416363199,0.0,0.0,0.0,0.0,0.0,0.0,0.0,0.04175223465424582,0.07224918125456567,0.0,0.033765996185701114,0.0,0.01340662224603405,0.0,0.019840008513499048,0.0,0.0,0.0,0.0,0.0,0.0,0.009009583817249903,0.0,0.0,0.0,0.0,0.0
Internal and external angle,0.0,0.0,0.0,0.0,0.0,0.0,0.022182658259065412,0.0,0.0,0.0,0.0,0.0,0.0,0.0,0.0,0.01782686865688499,0.0,0.0,0.0,0.0,0.0,0.0,0.0,0.0,0.0,0.0,0.0,0.0,0.0,0.0,0.0,0.0,0.0,0.0,0.0,0.0,0.0,0.0,0.0,0.0,0.0,0.0,0.0,0.0,0.0,0.0,0.0,0.0,0.0,0.0,0.0,0.0,0.0,0.2024378225653275,0.0,0.0,0.0,0.0,0.0,0.0,0.0,0.0,0.05557416526334476,0.0,0.0,0.0,0.0,0.0,0.0,0.006739326652892137,0.0,0.0,0.34414429836105676,0.02278449240968806,0.0,0.0,0.0,0.0,0.0,0.0,0.0,0.0,0.0,0.0,0.0,0.0,0.0,0.0,0.0
Circumference,0.0,0.0,0.06054110049230539,0.0,0.0,0.010449029251046611,0.0,0.0,0.0,0.0,0.1571570902099987,0.0,0.015602173087907074,0.0,0.0,0.0,0.0,0.0,0.0,0.0,0.009520915662121472,0.0,0.0,0.0,0.00982231813812492,0.0,0.07801086543953538,0.0,0.0,0.0,0.0,0.013349292139829355,0.0,0.03941483394466485,0.0,0.0,0.0,0.0,0.02026310023823224,0.0,0.0,0.0,0.03693264295966963,0.0,0.0,0.0,0.0,0.011455664822809266,0.0,0.0,0.0,0.01181105724125785,0.0,0.03675210469191958,0.0,0.0,0.0,0.009520915662121472,0.0,0.0,0.0,0.0,0.0,0.5107284665155829,0.0,0.0,0.0,0.0,0.0,0.024470174156334547,0.08807519238651815,0.0,0.022051262815151747,0.005515293797583221,0.0,0.0,0.04534859088799782,0.0,0.0,0.0,0.012555347205321352,0.0,0.0,0.006864444813142783,0.0,0.0,0.0,0.0,0.0
Rotation (mathematics),0.0,0.0,0.0,0.0,0.0,0.0,0.0,0.0,0.0,0.0,0.016838259665357007,0.0,0.1872260770548849,0.0,0.0,0.0,0.0,0.0,0.0,0.0,0.0,0.0,0.0,0.0,0.0,0.0,0.0,0.0,0.0,0.0,0.0,0.0,0.0,0.033784143381141295,0.0,0.0,0.0,0.0,0.0,0.0,0.0,0.0,0.0,0.0,0.0,0.0,0.0,0.0,0.0,0.0,0.0,0.0,0.0,0.0,0.0,0.0,0.0,0.0,0.03774651102279349,0.0,0.0,0.0,0.0,0.0,0.0,0.0,0.0,0.0,0.0,0.07550796596811803,0.0,0.0,0.28981659699913725,0.0,0.0,0.0,0.1813943635519913,0.0,0.0,0.0,0.0,0.0,0.0,0.0,0.0,0.0,0.0,0.0,0.0
Decagon,0.0,0.0,0.0,0.0,0.0,0.004903455067530253,0.015118906746402126,0.0,0.007807787242311866,0.0,0.050702915975572214,0.0,0.10250366229820515,0.007807787242311866,0.0,0.0,0.0,0.0,0.0,0.0,0.01787166291884254,0.09624333879301233,0.009248173327798457,0.00834024634736396,0.004609355997779292,0.0,0.00732169016415751,0.0,0.0,0.0,0.0,0.018793416867245796,0.0,0.009248173327798457,0.0,0.0,0.0,0.0,0.00475447044695952,0.0,0.02196507049247253,0.0,0.0,0.0,0.0,0.0,0.0,0.005375842710145131,0.0,0.0,0.0,0.01662785712177083,0.006874524199500881,0.05863911229057112,0.0,0.0,0.0,0.00893583145942127,0.0,0.0196772831232927,0.0,0.0,0.0,0.0,0.0,0.4686861091384659,0.0,0.0,0.0,0.004593284087446038,0.041331375198142596,0.0,0.03794295501154602,0.015529095385373984,0.0,0.0,0.0,0.0,0.0,0.0,0.0,0.0,0.0,0.003221303711195496,0.0,0.017675684333748495,0.009586858365879098,0.0,0.0
Scale factor,0.0,0.0,0.0,0.0,0.0,0.0,0.0,0.0,0.0,0.0,0.0,0.0,0.0,0.0,0.0,0.0,0.1417173428266061,0.0,0.0,0.0,0.0,0.0,0.0,0.0,0.0,0.0,0.0,0.0,0.0,0.0,0.0,0.0,0.0,0.19475565007952042,0.0,0.0,0.0,0.0,0.0,0.0,0.0,0.0,0.0,0.0,0.0,0.0,0.0,0.0,0.0,0.0,0.0,0.0,0.0,0.0,0.0,0.0,0.0,0.0,0.0,0.0,0.0,0.0,0.0,0.0,0.0,0.0,1.7947186311515453,0.0,0.0,0.024182289754495316,0.0,0.0,0.0726394539793234,0.05450407988199889,0.0,0.0,0.0,0.0,0.0,0.0,0.0,0.0,0.0,0.0,0.0,0.0,0.0,0.0,0.0
Congruence (geometry),0.005502338253440252,0.0,0.0,0.0,0.0,0.0,0.0,0.0,0.0,0.0,0.012993302733897533,0.0,0.0,0.0,0.0,0.0,0.0,0.0,0.0,0.0,0.0,0.0,0.0,0.0,0.0,0.0,0.005159773777103127,0.0,0.0,0.0,0.0,0.008829453068863511,0.0,0.019552240460739254,0.009485019008079937,0.0,0.0,0.0,0.0,0.0,0.0,0.0,0.0,0.0,0.01721300217904011,0.0,0.0,0.007576975158393531,0.0,0.0,0.0,0.0,0.0,0.02187763082448126,0.0,0.0,0.0,0.006297298548174832,0.0,0.0,0.0,0.007010181766259566,0.0,0.0,0.0,0.0,0.0,0.0,0.0,0.022658995911692462,0.0,0.0,0.35004209319170015,0.11308523660556463,0.0,0.0,0.01999622905297542,0.0,0.0,0.0,0.00415216206790155,0.0,0.0,0.0,0.0,0.0,0.006756093100363616,0.0,0.0
Point (geometry),0.0,0.0,0.0,0.0,0.0,0.018674860789104582,0.0,0.0,0.0,0.0,0.01755478135324454,0.0,0.027884734880514774,0.0,0.0,0.0,0.0,0.0,0.0,0.0,0.01701610458762135,0.0,0.0,0.0,0.03510956270648908,0.0,0.027884734880514774,0.0,0.0,0.0,0.0,0.023858309356290765,0.0,0.0,0.0,0.0,0.0,0.0,0.018107451276718173,0.0,0.0,0.0,0.0,0.0,0.0,0.0,0.0,0.061421862454211384,0.0,0.0,0.0,0.021109123580120414,0.0,0.013136922528175509,0.0,0.0,0.0,0.01701610458762135,0.0,0.0,0.0,0.0,0.0,0.0365116520743055,0.0,0.0,0.0,0.0,0.0,0.1661889274617444,0.039352745534401726,0.0,0.052547690112702036,0.009857120829723204,0.0,0.0,0.1080647272224629,0.0,0.0,0.0,0.022439343941425396,0.0,0.0,0.012268369453276463,0.0,0.0,0.0,0.0,0.0
Geometry,0.0030920219388801415,0.0,0.0,0.0,0.0,0.0019418549935573347,0.0,0.0,0.0,0.0,0.010952319339856105,0.0,0.05509085895641525,0.0,0.0,0.0,0.0,0.0053300770532130615,0.0,0.0,0.0017693737071199196,0.0,0.0,0.0,0.0018253865566426844,0.0,0.0028995188924429076,0.0,0.0,0.0,0.004836396629951536,0.004961683804184363,0.0,0.029299522578334933,0.0,0.0,0.02534747557960089,0.0028995188924429076,0.0018828544469153851,0.0,0.0,0.0,0.0,0.0,0.1209099157487884,0.0,0.0,0.0021289288608760584,0.0,0.0,0.0,0.004389950479051591,0.0,0.004098022293081299,0.0,0.0,0.0027224332559970302,0.010616242242719516,0.0,0.0,0.0,0.0,0.0,0.003796565591797253,0.0,0.0,0.0,0.0024058384691813812,0.0028995188924429076,0.26466767127320423,0.0,0.0,0.05327428981005687,0.010249661039756428,0.0,0.0,0.025282842707467813,0.0,0.014649761289167467,0.0,0.013999767680269826,0.0,0.002558477565391451,0.0025513865677167864,0.0,0.0,0.0,0.0,0.0
Radius,0.0,0.0,0.0,0.0,0.0,0.00895631078661138,0.0,0.0,0.0,0.0,0.09261042815946353,0.0,0.0,0.0,0.0,0.0,0.0,0.0,0.0,0.0,0.0,0.0,0.0,0.0,0.0,0.0,0.05349316487282425,0.0,0.0,0.0,0.0,0.0,0.0,0.11824450183399454,0.24583620694411265,0.0,0.0,0.0,0.0,0.0,0.0,0.0,0.0,0.0,0.02230664568100096,0.0,0.0,0.01963828255338731,0.0,0.0,0.0,0.0,0.0,0.03780216482597443,0.0,0.0,0.0,0.0,0.0,0.0,0.0,0.0,0.0,0.03502138056106854,0.0,0.0,0.0,0.0,0.0,0.012584660994686338,0.7549302204558699,0.0,0.044102525630303493,0.0,0.0,0.0,0.038870220761140994,0.0,0.0,0.0,0.0,0.0,0.0,0.005883809839836671,0.0,0.0,0.0,0.0,0.0
Space (mathematics),0.0,0.0,0.0,0.0,0.0,0.007314320475732627,0.0,0.0,0.0,0.0,0.07563184966356189,0.0,0.010921521161534952,0.0,0.0,0.0,0.0,0.0,0.0,0.0,0.019993922890455092,0.0,0.0,0.0,0.0,0.0,0.0,0.0,0.0,0.0,0.0,0.0,0.0,0.12415672692569427,0.0,0.0,0.0,0.0,0.0,0.0,0.0,0.0,0.0,0.06742192251260212,0.0,0.0,0.0,0.008018965375966487,0.0,0.0,0.0,0.0,0.0,0.005145294656868741,0.0,0.0,0.0,0.0,0.0,0.0528335051860409,0.0,0.0,0.0,0.0,0.0,0.0,0.0,0.0,0.0,0.2055494629132102,0.0,0.028250200675533584,0.06688883053929363,0.015442822633233018,0.0,0.0,0.01058133787386616,0.0,0.0,0.0,0.0,0.0,0.0,0.009610222738399897,0.0,0.0,0.0,0.0,0.0
Angle,0.052051914948745774,0.0,0.0047350581390629915,0.00502211713315472,0.0,0.0032689700450201685,0.0,0.0,0.0,0.0063128940057058285,0.030729039985195286,0.0017379670544557283,0.0,0.0,0.0,0.004050052097094914,0.0,0.0,0.0,0.008972792655688283,0.0014893052432368781,0.0,0.0030827244425994855,0.0,0.0,0.0,0.02196507049247253,0.0,0.0,0.0,0.0,0.0,0.0,0.006165448885198971,0.013459188983532424,0.004267061065914191,0.0,0.0,0.0,0.0,0.0,0.0,0.0,0.0,0.032566871906712765,0.0,0.0,0.0,0.0,0.0,0.0,0.0,0.0,0.016097011217019525,0.0,0.0,0.0,0.004467915729710635,0.0,0.013118188748861802,0.0,0.0033158029210985655,0.0063128940057058285,0.0031956194552930327,0.0,0.0,0.0,0.0,0.0,0.01531094695815346,0.017221406332559416,0.0,0.4507163140765467,0.008627275214096659,0.0,0.0,0.004729089552565881,0.0,0.0,0.0,0.0,0.0,0.0,0.001073767903731832,0.0,0.0,0.0031956194552930327,0.0021535043939607743,0.0
Triangle,0.010468868287444375,0.0,0.0038093276714259577,0.0,0.0,0.0072321370996008,0.0010135896283168465,0.0,0.0010468868287444376,0.0025393438809468392,0.026575440535511023,0.020273678606021767,0.001963419534657969,0.0010468868287444376,0.0,0.004887366238516784,0.0,0.0,0.0,0.0,0.004193481954552379,0.002765258048787995,0.0012400172476973211,0.0011182802218562913,0.003708201004955027,0.0021567029642681947,0.006871968371302892,0.0,0.0,0.0,0.0016374915930622428,0.0016799109209672898,0.0,0.024800344953946424,0.0054139209619152905,0.008582066638186968,0.0017164133276373937,0.0,0.0006374907940118009,0.013854524645070272,0.002945129301986954,0.0,0.0023238516918443817,0.0,0.057312205757178505,0.0,0.0,0.0007208058764913696,0.0043134059285363895,0.0,0.0,0.0022295029399228305,0.0009217526829293317,0.009249967922460658,0.0,0.014748042926869306,0.0,0.002396275402601359,0.0,0.013191886438462148,0.0038093276714259577,0.001333772410958749,0.0,0.0,0.0,0.010135896283168466,0.0,0.0016291220795055946,0.0,0.004619089054229442,0.03325085914816865,0.0,0.252986622679299,0.13464753217290812,0.0,0.0,0.005706788965680626,0.0,0.0,0.0,0.003949996873584246,0.0,0.0,0.011661843323002121,0.0,0.007899993747168491,0.0,0.009528652026311831,0.0
Two-dimensional space,0.0,0.0,0.0,0.0,0.0,0.031917034803196916,0.01230129230729991,0.0,0.012705399239762036,0.0,0.03750339652738606,0.0,0.011914386721674494,0.012705399239762036,0.0,0.0,0.0,0.0,0.0,0.0,0.007270517414710942,0.011186725742824161,0.0,0.013571855419801352,0.022502037916431634,0.0,0.011914386721674494,0.0,0.0,0.0,0.0,0.01019400490677878,0.0,0.07524650116708745,0.2409194828052304,0.0,0.0,0.0,0.007736820090961401,0.0,0.011914386721674494,0.0,0.0,0.0,0.0,0.0,0.0,0.0,0.0,0.0,0.0,0.009019352802415085,0.011186725742824161,0.03929134101608856,0.0,0.0,0.0,0.007270517414710942,0.0,0.0,0.0,0.04856144096263445,0.0,0.01560043315902144,0.0,0.12301292307299912,0.0,0.0,0.0,0.03737262962058367,0.016814354910153467,0.0,0.07858268203217712,0.016846715599890566,0.0780021657951072,0.0,0.08080294376406884,0.0,0.0,0.0,0.019175439368127156,0.0,0.010513016905063052,0.010483879350981705,0.0,0.009587719684063578,0.0,0.0,0.0
Translation (geometry),0.0,0.0,0.0,0.0,0.0,0.0,0.0,0.0,0.0,0.0,0.0,0.0,0.11914386721674494,0.0,0.0,0.0,0.21901771164111855,0.0,0.0,0.0,0.0,0.0,0.0,0.0,0.0,0.0,0.0,0.0,0.0,0.0,0.0,0.0,0.0,0.3009860046683498,0.21901771164111855,0.0,0.0,0.0,0.0,0.0,0.0,0.0,0.0,0.0,0.0,0.0,0.0,0.0,0.0,0.0,0.0,0.0,0.0,0.0,0.0,0.0,0.0,0.0,0.0,0.0,0.0,0.0,0.0,0.0,0.0,0.0,0.0,0.0,0.0,0.18686314810291835,0.0,0.0,0.0,0.0,0.0,0.18215724726764906,0.0,0.0,0.0,0.0,0.0,0.0,0.0,0.0,0.0,0.0,0.0,0.0,0.0
Sphere,0.006576912547641524,0.0,0.005982885225121945,0.0,0.0,0.006195659697091167,0.0,0.0,0.0,0.0,0.102891671413958,0.0,0.0,0.0,0.0,0.0,0.0,0.0,0.0,0.0,0.0,0.0,0.0,0.0,0.0,0.0,0.024669788976643656,0.0,0.0,0.0,0.015430950188739488,0.0,0.0,0.06621692102703695,0.0,0.0,0.0,0.0,0.0,0.0,0.0,0.0,0.007299628255558233,0.0,0.0,0.0,0.0,0.0022641784590964197,0.0,0.0,0.0,0.0,0.0,0.001452789079586468,0.0,0.0,0.0,0.0,0.0,0.01823273904459451,0.0,0.0,0.0,0.00807551834114051,0.0,0.0,0.0,0.0,0.0,0.02224770657413569,0.1479663232093505,0.0,0.029055781591729363,0.0032702447929199335,0.004037759170570255,0.0,0.7080782332535378,0.0,0.0,0.0,0.002481527447639985,0.0,0.0,0.00407021198332231,0.0,0.0,0.0,0.0,0.0
Grade (slope),0.016442281369103813,0.0,0.0,0.0,0.0,0.010326099495151944,0.0,0.0,0.0,0.0,0.0,0.0,0.0,0.0,0.0,0.0,0.0,0.0,0.0,1.133738742612849,0.0,0.0,0.0,0.0,0.0,0.0,0.0,0.0,0.0,0.0,0.025718250314565812,0.0,0.0,0.11685339004771227,0.0,0.0,0.0,0.0,0.0,0.0,0.0,0.0,0.0,0.0,0.051436500629131625,0.0,0.0,0.0,0.0,0.0,0.0,0.0,0.0,0.0,0.0,0.0,0.0,0.0,0.0,0.0994513038796064,0.0,0.0,0.0,0.0,0.0,0.0,0.0,0.0,0.0,0.004836457950899063,0.0,0.0,0.13801496256071447,0.005450407988199889,0.0,0.0,0.0,0.0,0.0,0.0,0.012407637238199924,0.0,0.0,0.0,0.0,0.0,0.0,0.0,0.0
Tessellation,0.0,0.0,0.0,0.0,0.0,0.0029652650577294435,0.0,0.011452784057648751,0.0,0.0,0.013937073033825902,0.0,0.08412523056858004,0.0,0.0,0.011021341095303897,0.0,0.0,0.0,0.00813917171639292,0.0027018814716831207,0.05820120825658517,0.0,0.0,0.008362243820295542,0.0,0.0,0.0,0.0,0.0,0.0,0.0037883126342758986,0.0,0.0,0.0,0.0,0.0,0.0,0.0,0.006248577838232707,0.017710574856543166,0.0,0.0,0.0,0.007385308367358427,0.0,0.0,0.0032509319091756027,0.0,0.0,0.0,0.0,0.008314458322369309,0.056320117190049736,0.0,0.004157229161184654,0.0,0.018913170301781843,0.012497155676465414,0.0,0.0,0.0,0.0,0.0,0.0,0.0045714261952803726,0.0,0.0,0.0,0.02083271583579833,0.012497155676465414,0.0,0.03963267505966463,0.02034696225324621,0.0,0.0,0.004289731570486281,0.0,0.5648571810583388,0.0,0.0,0.0,0.0,0.052596489311512944,0.0,0.04988205511303349,0.028987291342776327,0.011720593171185161,0.0
Kite (geometry),0.011004676506880504,0.0,0.0,0.0,0.0,0.010366753430172227,0.005327331314185,0.0,0.005502338253440252,0.0,0.055221536619064523,0.003674363418278449,0.0928759279878563,0.005502338253440252,0.0,0.0,0.0,0.0,0.0,0.0,0.012594597096349663,0.014533935020204619,0.0,0.005877575181803736,0.0064966513669487665,0.0,0.005159773777103127,0.0,0.0,0.0,0.0,0.09712398375749863,0.0,0.0,0.0,0.0,0.0,0.0,0.020103548267852458,0.021845421733663953,0.015479321331309382,0.0,0.0,0.0,0.0,0.0,0.0,0.0037884875791967653,0.0,0.0,0.0,0.03906018930179762,0.009689290013469746,0.012154239346934034,0.0,0.014533935020204619,0.0,0.12279732168940923,0.0,0.049921422223030774,0.0,0.0,0.0,0.0,0.0,0.05327331314185001,0.0,0.0,0.0,0.008092498539890166,0.0,0.0,0.09237221903669866,0.02735933143683015,0.0,0.0,0.004999057263243855,0.0,0.02606965394765234,0.0,0.0,0.0,0.0,0.015890919488692742,0.0,0.029065134475310846,0.0,0.0,0.0
Pythagorean theorem,0.03460135637954569,0.0,0.0,0.0,0.0,0.007558393602479356,0.0,0.0,0.0,0.0,0.0026643963087271045,0.050230802381201624,0.0014107454675825557,0.0,0.0,0.0011705478881270015,0.0,0.0,0.0,0.0,0.01893934568740633,0.0013245853947369834,0.0,0.0,0.015098245749453593,0.0,0.004232236402747667,0.0,0.0,0.0,0.0,0.013277444496450297,0.0,0.044548520604841865,0.005186641179875788,0.0,0.04439764506256896,0.0,0.0009160927987144822,0.0,0.0,0.0,0.0,0.0,0.06588744429350553,0.0,0.0,0.003107456980998854,0.0,0.0,0.0,0.004271814029130934,0.0013245853947369834,0.0019938709111654972,0.0,0.0039737561842109505,0.0,0.0008608793494275603,0.0,0.0,0.0027370572881343664,0.0,0.0,0.001847198759410504,0.0,0.0,0.0,0.0,0.0,0.016815671885257236,0.007963741830427905,0.0,0.1880884892866119,0.09076190697249976,0.0,0.0,0.006834018002496982,0.0,0.0,0.0,0.09990218142275074,0.0,0.0,0.060826813457256615,0.0,0.0,0.0,0.0,0.0
Transversal (geometry),0.07355757454599074,0.0,0.0,0.047313629833404994,0.0,0.0076992847112975025,0.0,0.0,0.0,0.0,0.0,0.0,0.0,0.0,0.0,0.0,0.0,0.0,0.0,0.0,0.0,0.0,0.0,0.0,0.0,0.0,0.0,0.0,0.0,0.0,0.0,0.0,0.0,0.0,0.0,0.0,0.0,0.0,0.0,0.0,0.0,0.0,0.0,0.0,0.0,0.0,0.0,0.0,0.0,0.0,0.0,0.0,0.0,0.0,0.0,0.0,0.0,0.0,0.0,0.0,0.0,0.0,0.0,0.0,0.0,0.0,0.0,0.0,0.0,0.032455178354717396,0.0,0.0,0.4982811667704465,0.01625560277182423,0.0,0.0,0.0,0.0,0.0,0.0,0.0,0.0,0.0,0.0,0.0,0.0,0.0,0.0,0.0
Plane (geometry),0.0,0.0,0.0,0.0,0.0,0.11815440768491167,0.0,0.0,0.0,0.0,0.0,0.0,0.0,0.0,0.0,0.0,0.0,0.046330669770236615,0.0,0.046330669770236615,0.0,0.0,0.0,0.0,0.0,0.0,0.0,0.038533263845079616,0.0,0.0,0.0,0.0,0.0,0.3183505818607546,0.0,0.0,0.0,0.0,0.0,0.0,0.0,0.0,0.0,0.0,0.04203944762957874,0.0,0.0,0.0,0.0,0.0,0.0,0.0,0.0,0.0,0.0,0.0,0.0,0.0,0.0,0.0,0.0,0.0,0.0,0.0,0.0,0.0,0.0,0.0,0.0,0.12649197717736013,0.0,0.0,0.07124254140279795,0.0,0.06600183259585994,0.0,0.17092930411629947,0.0,0.0,0.0,0.0,0.0,0.0,0.0,0.0,0.0,0.0,0.0,0.0
Square,0.041512690585361105,0.0,0.0,0.0,0.0,0.004345140876672848,0.0033493617668390848,0.0,0.003459390882113426,0.0,0.036760755011992274,0.004620239149716466,0.07136835610507988,0.003459390882113426,0.0,0.0,0.0,0.0,0.0,0.0,0.01385717428051343,0.015229453362755666,0.0,0.003695307168757794,0.018380377505996137,0.0,0.0,0.0,0.0,0.0,0.0,0.049960717117381155,0.0,0.01229274524016775,0.0,0.0,0.0,0.0,0.021065599257568172,0.0,0.012976064746378161,0.0,0.0,0.0,0.0,0.0,0.0,0.0,0.0,0.0,0.0,0.012278821884475984,0.003045890672551133,0.01986796946711692,0.0,0.0,0.0,0.04157152284154028,0.00915633188176674,0.006974720156573057,0.0,0.0,0.0,0.004247642691812769,0.0,0.033493617668390846,0.0,0.0,0.0,0.01322843078154323,0.027468995645300216,0.0,0.09781154199196022,0.021788140843917874,0.0,0.0,0.009428914937108459,0.0,0.0,0.0,0.002610517735759885,0.0,0.0,0.16841677472245362,0.0,0.013052588678799427,0.004247642691812769,0.0028624550979132074,0.0
Pyramid (geometry),0.0,0.0,0.0,0.0,0.0,0.021065242970109966,0.010825137230423922,0.0,0.0,0.0,0.0,0.0,0.10484660315073555,0.0,0.0,0.008699511904559875,0.0,0.0,0.0,0.0,0.0,0.03937727461474105,0.0,0.0,0.0,0.0,0.0,0.0,0.0,0.0,0.08744205106952377,0.0,0.0,0.03973015261622217,0.0,0.0,0.0,0.0,0.0,0.0,0.010484660315073556,0.0,0.0,0.0,0.0,0.0,0.0,0.007698206760927828,0.0,0.0,0.0,0.0,0.019688637307370523,0.04939482870593992,0.0,0.05906591192211157,0.0,0.0,0.0,0.01127114777302206,0.0,0.0,0.0,0.0,0.0,0.010825137230423922,0.0,0.0,0.0,0.019732748439668178,0.01479663232093505,0.0,0.09878965741187984,0.07041927120754256,0.0,0.0,0.020316168717823026,0.0,0.0,0.0,0.0,0.0,0.0,0.0369032553154556,0.0,0.025311579965927845,0.1647405741592664,0.027754364629366462,0.010484660315073556
Hexagon,0.0,0.0,0.0,0.0,0.0,0.0021460108975254653,0.006616832047936383,0.0,0.0034171000400337994,0.0,0.03025946419080049,0.0,0.06729152402706132,0.010251300120101399,0.0,0.0,0.0,0.0,0.0,0.0,0.011732375290242595,0.01504327422629166,0.0,0.003650132264494251,0.0020172976127200326,0.0,0.00961307486100876,0.0,0.0,0.0,0.0,0.035641630847661754,0.0,0.008094978120664663,0.0,0.0,0.0,0.0,0.004161614718854543,0.004522198142095064,0.00961307486100876,0.0,0.0,0.0,0.0,0.0,0.0,0.0023527526775451793,0.0,0.0,0.0,0.0072772284224865,0.003008654845258332,0.028682816180099584,0.0,0.0,0.0,0.005866187645121298,0.004522198142095064,0.017223636572466474,0.0,0.0,0.0,0.0,0.0,0.039700992287618295,0.0,0.0,0.0,0.0030153955439590737,0.03617758513676051,0.0,0.0558560104559834,0.032849035919102015,0.0,0.0,0.0,0.0,0.016189956241329326,0.0,0.0,0.0,0.0,0.00845887575996079,0.0,0.45125575530128087,0.012587146558623656,0.03958446463031076,0.0
Polyhedron,0.005157173123150642,0.0,0.0,0.0,0.0,0.0032388134947893554,0.004993144478977823,0.0,0.0,0.0,0.0,0.0,0.16926342759574464,0.0,0.0,0.012038069978634512,0.0,0.0,0.0,0.0,0.0,0.022703686931930953,0.0,0.0,0.0,0.0,0.0,0.0,0.0,0.0,0.0,0.0,0.0,0.0,0.008890017815691159,0.0,0.0,0.0,0.0,0.0,0.0,0.0,0.011447756489344093,0.0,0.01613321975452468,0.0,0.0,0.01775416688405864,0.0,0.0,0.0,0.0,0.0,0.07518585550258382,0.007714911796803577,0.0,0.0,0.0029511325299564706,0.0,0.0,0.0,0.006570428666531106,0.0,0.0,0.0,0.0,0.012509313952265793,0.0,0.0,0.033373344532034124,0.0,0.0,0.01367015554592433,0.005128612682623511,0.0,0.0,0.04216916938662529,0.0,0.024434288201858653,0.0,0.0,0.0,0.0,0.00851089836611061,0.006570428666531106,0.0038916943367047732,0.8168640093229308,0.0,0.0
Equilateral triangle,0.0,0.0,0.0,0.0,0.0,0.0040170181102421754,0.003096435134560618,0.0,0.0031981554150430757,0.0,0.047201071144307404,0.0021356711859101284,0.00899713413764893,0.0031981554150430757,0.0,0.0,0.0,0.0,0.0,0.0,0.005490322075182175,0.014079403108817593,0.0,0.0034162565129934753,0.0018880428457722959,0.0,0.0,0.0,0.0,0.0,0.0,0.005131993316913803,0.0,0.05303414727565888,0.0,0.0,0.0,0.0,0.0019474833180909705,0.004232446316056937,0.00899713413764893,0.0,0.0,0.0,0.010004811335185786,0.0,0.0,0.00440400844446672,0.0,0.0,0.0,0.006810952917155557,0.008447641865290557,0.008477373347701357,0.0,0.002815880621763519,0.0,0.0036602147167881173,0.004232446316056937,0.008060031302218293,0.011637190941312707,0.0,0.0,0.0,0.0,0.03096435134560618,0.0,0.0,0.0,0.005644378844298677,0.07618403368902485,0.0,0.18367642253352942,0.12403731680239793,0.0,0.0,0.0,0.0,0.0,0.0,0.012066924087494206,0.0,0.0,0.0039584441485400025,0.0,0.009653539269995366,0.003926882488540866,0.13496115523433347,0.0
Acute and obtuse triangles,0.0,0.0,0.0,0.0,0.0,0.005890727899918895,0.0,0.0,0.0,0.0,0.011074828504731455,0.009395519881638182,0.0,0.0,0.0,0.0,0.0,0.0,0.0,0.0,0.0,0.0,0.0,0.0,0.0,0.0,0.0,0.0,0.0,0.0,0.0,0.007525775434534671,0.0,0.022220443297663404,0.0,0.015378602633529668,0.0,0.0,0.0,0.006206641074217722,0.0,0.0,0.0,0.0,0.0,0.0,0.0,0.0,0.0,0.0,0.0,0.0,0.008258656588662133,0.0,0.0,0.008258656588662133,0.0,0.0,0.0,0.01181957610425971,0.0,0.0,0.0,0.0,0.0,0.0,0.0,0.0,0.0,0.0027590531934659087,0.07447969289061267,0.0,0.28178257986610017,0.16790182997206368,0.0,0.0,0.0,0.0,0.0,0.0,0.0,0.0,0.0,0.019349441755167576,0.0,0.0,0.0,0.007761287648033127,0.004397927984510719
