,refd_val,output
0,0.00318343274579,1.0
1,0.0997474747475,1.0
2,0.0167164603784,1.0
3,0.0862068965517,1.0
4,-0.0912254991757,0.0
5,0.0173004877359,0.0
6,-0.147501105705,1.0
7,0.149038461538,0.0
8,-0.01782119402,0.0
9,-0.238095238095,0.0
10,0.057708220903,1.0
11,0.117844068853,0.0
12,-0.0565114709852,1.0
13,0.0392762577229,1.0
14,0.247272727273,0.0
15,0.458799551781,1.0
16,0.332513705256,1.0
17,0.341952165482,1.0
18,-0.442187108101,0.0
19,-0.258620689655,0.0
20,-0.051724137931,0.0
21,-0.362780748663,0.0
22,0.226782497663,1.0
23,0.00826709062003,0.0
24,0.220793433653,1.0
25,0.065604129317,0.0
26,-0.229797979798,0.0
27,-0.0221781483876,1.0
28,0.170923923805,1.0
29,0.167463617464,1.0
30,0.159462616822,0.0
31,-0.148884381339,0.0
32,0.359848484848,1.0
33,-0.244236311239,0.0
34,0.126053669476,1.0
35,0.111721611722,1.0
36,0.209523809524,1.0
37,0.385977957775,1.0
38,-0.0548340548341,0.0
39,-0.0720330237358,0.0
40,0.0866174055829,0.0
41,-0.0322344322344,0.0
42,0.236842105263,1.0
43,0.0126172208014,1.0
44,-0.21875,0.0
45,-0.0125388601036,1.0
46,-0.137396919586,0.0
47,0.205128205128,1.0
48,0.321642619312,1.0
49,-0.237647058824,0.0
50,0.0657894736842,1.0
51,-0.210769230769,1.0
52,0.171141901577,1.0
53,0.00576368876081,0.0
54,0.350555423548,1.0
55,0.0201112537441,0.0
56,-0.0669191919192,0.0
57,0.125007766387,0.0
58,0.483105808162,1.0
59,0.3651444548,0.0
60,-0.0260047281324,1.0
61,-0.00372670807453,0.0
62,-0.296181630547,0.0
63,0.0555555555556,1.0
64,0.358641358641,1.0
65,0.0062091503268,0.0
66,-0.0366290438116,0.0
67,0.0781519861831,1.0
68,0.0285714285714,0.0
69,0.0676518883415,1.0
70,0.0723684210526,1.0
71,-0.06369168357,0.0
72,-0.0399626517274,0.0
73,-0.0362345662692,0.0
74,-0.103448275862,0.0
75,-0.341952165482,0.0
76,0.119593117216,0.0
77,-0.0537694013304,1.0
78,-0.512458760201,0.0
79,0.0264367816092,0.0
80,-0.0824572253144,0.0
81,0.474478622688,1.0
82,0.266973432888,1.0
83,-0.458799551781,0.0
84,-0.0460863590719,0.0
85,0.188963210702,1.0
86,0.319177059283,1.0
87,0.213475935829,0.0
88,0.135349798716,1.0
89,-0.106426769353,0.0
90,0.0403377110694,1.0
91,0.0799808429119,0.0
92,0.0,0.0
93,0.198991596639,1.0
94,-0.170923923805,0.0
95,0.0664988673546,1.0
96,-0.0723684210526,0.0
97,0.142928535732,1.0
98,0.0127840909091,1.0
99,-0.0203104094193,0.0
100,-0.16262254902,0.0
101,-0.132705882353,0.0
102,0.0689655172414,0.0
103,-0.0212885154062,0.0
104,-0.164502164502,0.0
105,0.315274642588,1.0
106,-0.123154623155,0.0
107,-0.238095238095,0.0
108,-0.1975,0.0
109,0.0260047281324,0.0
110,0.0901390803157,0.0
111,0.326470588235,1.0
112,0.226286871024,1.0
113,0.0431547619048,0.0
114,-0.123175586024,0.0
115,0.336734693878,1.0
116,0.0605859152135,0.0
117,-0.198991596639,0.0
118,-0.109700722394,0.0
119,-0.0649289734656,0.0
120,-0.0209837706442,1.0
121,0.141310292027,0.0
122,-0.213858328508,0.0
123,0.368932038835,0.0
124,0.0937375349023,0.0
125,0.398665227206,1.0
126,-0.372952836157,0.0
127,0.352127623732,1.0
128,-0.471911178592,0.0
129,0.0174561145435,1.0
130,-0.0109090909091,1.0
131,0.0191297035947,0.0
132,-0.00255495352628,0.0
133,0.294505494505,1.0
134,-0.407250033196,0.0
135,-0.080059970015,0.0
136,0.297238261547,1.0
137,0.000797130330809,0.0
138,-0.00848824378236,1.0
139,-0.105666721338,0.0
140,-0.0651798453105,1.0
141,0.0283243243243,0.0
142,0.0323322716012,1.0
143,-0.0808024828198,0.0
144,0.610869942698,1.0
145,0.230687830688,0.0
146,-0.375209536226,0.0
147,-0.121771978022,0.0
148,-0.0984098409841,0.0
149,0.00574712643678,0.0
150,0.133333333333,1.0
151,-0.285714285714,0.0
152,0.0453463203463,1.0
153,0.482352941176,1.0
154,-0.15336815562,0.0
155,-0.291208791209,0.0
156,0.239093672285,0.0
157,-0.34585793523,0.0
158,-0.222381230936,0.0
159,-0.0208986415883,0.0
160,-0.340555749849,0.0
161,-0.0036778939218,0.0
162,0.027789824854,0.0
163,0.0333392414038,0.0
164,-0.317232461812,0.0
165,0.0361305361305,1.0
166,-0.100303951368,0.0
167,0.0921660333236,1.0
168,0.0621189872291,0.0
169,0.42181372549,1.0
170,0.049728049728,1.0
171,-0.0693986497095,0.0
172,0.168789221115,1.0
173,0.48604860486,1.0
174,0.205738705739,1.0
175,0.245709787457,0.0
176,0.0969574036511,0.0
177,-0.13893557423,0.0
178,0.251113176648,1.0
179,-0.465274642588,0.0
180,-0.247973161867,0.0
181,0.00222158353853,1.0
182,-0.152092193717,0.0
183,-0.0533569207065,1.0
184,0.472911963883,1.0
185,0.0,0.0
186,-0.362121212121,0.0
187,0.455802787631,1.0
188,0.170147388157,1.0
189,0.208754640007,0.0
190,-0.0973312401884,0.0
191,0.0693986497095,1.0
192,0.243506000304,0.0
193,0.0619879635022,0.0
194,0.123794466403,0.0
195,0.00043261951114,1.0
196,-0.445485327314,0.0
197,0.0955233291299,1.0
198,-0.0943396226415,0.0
199,-0.0640979037926,0.0
200,0.167297979798,1.0
201,0.0652173913043,1.0
202,-0.560242663657,0.0
203,0.170747217806,0.0
204,0.471911178592,1.0
205,-0.0939920812532,0.0
206,0.120689655172,1.0
207,-0.315068493151,0.0
208,0.0249328730341,0.0
209,0.0762214636228,0.0
210,-0.0934415145368,0.0
211,0.0568181818182,0.0
212,-0.092394533571,0.0
213,0.141835966892,1.0
214,-0.260655386592,0.0
215,0.247973161867,1.0
216,-0.23201621074,0.0
217,0.230213270142,1.0
218,-0.154822624733,0.0
219,0.238114478114,0.0
220,-0.261059133436,0.0
221,0.0627450980392,0.0
222,-0.0555846650948,0.0
223,0.0711764705882,0.0
224,0.418553588582,0.0
225,0.0928407976463,0.0
226,-0.0210622710623,1.0
227,-0.0632251259815,0.0
228,-0.289473684211,0.0
229,-0.597742663657,0.0
230,0.275739373302,1.0
231,0.0425555555556,0.0
232,-0.122222222222,0.0
233,0.101510989011,1.0
234,-0.112496655071,0.0
235,-0.0317703634277,0.0
236,0.356896551724,0.0
237,0.0986140724947,1.0
238,-0.285714285714,0.0
239,0.042057197789,0.0
240,0.291208791209,1.0
241,0.455210870974,1.0
242,0.136363636364,1.0
243,0.15336815562,1.0
244,0.278005865103,0.0
245,0.268220572057,1.0
246,0.407250033196,1.0
247,-0.210784313725,0.0
248,-0.0373500856653,0.0
249,0.00501779962706,1.0
250,0.297742663657,1.0
251,0.067958357432,1.0
252,0.0504201680672,1.0
253,-0.0208254179331,0.0
254,0.010118212783,0.0
255,0.142647711033,0.0
256,-0.00043261951114,0.0
257,-0.303333333333,0.0
258,-0.0791361016505,0.0
259,-0.168789221115,0.0
260,0.372112635792,1.0
261,-0.16961312827,0.0
262,-0.442333505421,0.0
263,0.0458907289893,1.0
264,0.0514705882353,1.0
265,-0.443106763649,0.0
266,-0.151675638132,0.0
267,-0.381562881563,0.0
268,-0.12,0.0
269,-0.170147388157,0.0
270,-0.0999169779992,0.0
271,0.0125388601036,0.0
272,-0.123919308357,1.0
273,0.0937797524595,0.0
274,-0.281064220183,0.0
275,0.141001506024,0.0
276,-0.350792359432,0.0
277,-0.173089998211,0.0
278,0.0221781483876,0.0
279,-0.517217391304,0.0
280,-0.14793767876,0.0
281,0.151024483417,1.0
282,-0.0194577352472,0.0
283,-0.428571428571,0.0
284,-0.0798092209857,0.0
285,0.250380807312,1.0
286,0.171840864666,1.0
287,-0.455802787631,0.0
288,0.450018114427,1.0
289,-0.512951746642,0.0
290,0.376935566908,1.0
291,-0.268771533801,0.0
292,0.0720330237358,1.0
293,0.421345936795,1.0
294,-0.186206896552,0.0
295,0.234790874525,1.0
296,0.121771978022,1.0
297,-0.359364435429,0.0
298,-0.448040071839,0.0
299,-0.0598490075902,0.0
300,0.410512737827,1.0
301,-0.141835966892,0.0
302,-0.0197500761963,0.0
303,-0.153490996768,0.0
304,0.178082191781,1.0
305,0.149116436698,0.0
306,-0.124542124542,1.0
307,-0.057708220903,0.0
308,-0.538682536425,0.0
309,0.462517680339,1.0
310,-0.124003447533,0.0
311,0.176363636364,0.0
312,-0.125,0.0
313,-0.322140082696,0.0
314,0.238095238095,1.0
315,-0.269189189189,0.0
316,0.406073645598,1.0
317,-0.22615648201,0.0
318,-0.0220588235294,0.0
319,-0.0516739963115,0.0
320,-0.0671140939597,0.0
321,-0.465491880871,0.0
322,-0.439286987522,0.0
323,0.0303279813366,1.0
324,0.296010854817,0.0
325,0.322344322344,1.0
326,-0.120198303816,0.0
327,0.314409330324,1.0
328,0.0873882820258,0.0
329,-0.279827315542,0.0
330,-0.598659930488,0.0
331,0.0435599284436,0.0
332,0.168924111431,1.0
333,-0.130009775171,0.0
334,-0.0424377004688,0.0
335,-0.164699792961,0.0
336,-0.0188405797101,0.0
337,0.170208933718,1.0
338,0.0946192893401,0.0
339,-0.397742663657,0.0
340,-0.0711764705882,1.0
341,0.0491763565891,0.0
342,-0.142928535732,0.0
343,0.325475404683,1.0
344,0.00487930148947,0.0
345,-0.114210526316,0.0
346,-0.0664988673546,0.0
347,-0.018064516129,0.0
348,0.0512416604893,0.0
349,-0.104532163743,0.0
350,-0.459293394777,0.0
351,-0.0323464912281,0.0
352,0.0824572253144,1.0
353,-0.0735855969017,0.0
354,-0.560242663657,0.0
355,-0.486455981941,0.0
356,-0.0767543859649,0.0
357,0.0746831712349,1.0
358,-0.164314569411,0.0
359,0.143730569948,0.0
360,-0.0153579926455,0.0
361,0.512951746642,1.0
362,0.0341344674184,1.0
363,-0.0297619047619,0.0
364,-0.14010989011,0.0
365,0.39508797654,1.0
366,0.271120689655,1.0
367,0.0790065639059,1.0
368,0.352941176471,1.0
369,-0.380799711816,0.0
370,0.121954414462,1.0
371,-0.0815836421024,0.0
372,0.473227990971,1.0
373,-0.173481340994,0.0
374,-0.235,0.0
375,0.373412816692,0.0
376,-0.195839180038,0.0
377,-0.104774083546,0.0
378,0.213858328508,1.0
379,-0.14402173913,0.0
380,0.00580795043882,0.0
381,0.0562770562771,1.0
382,0.51588817503,1.0
383,0.233134920635,0.0
384,-0.0717479876776,0.0
385,0.0514757030707,1.0
386,0.148884381339,1.0
387,-0.205128205128,0.0
388,0.114791154791,0.0
389,-0.341363211951,0.0
390,0.332510288066,1.0
391,0.0197500761963,1.0
392,0.558445382275,1.0
393,-0.179797979798,0.0
394,-0.00501779962706,0.0
395,-0.101510989011,0.0
396,-0.214043887147,0.0
397,0.0262725779967,1.0
398,-0.0764966740576,0.0
399,0.0767543859649,1.0
400,0.188549019608,0.0
401,0.283018867925,0.0
402,-0.162132024978,0.0
403,0.140445402299,0.0
404,0.423611111111,0.0
405,-0.303629333999,0.0
406,0.0125286603341,0.0
407,-0.00318343274579,0.0
408,-0.48604860486,0.0
409,-0.237426636569,0.0
410,-0.497303535526,0.0
411,-0.0497737556561,0.0
412,-0.254871794872,0.0
413,0.322727272727,0.0
414,0.164314569411,1.0
415,0.547712418301,1.0
416,-0.102449490434,0.0
417,0.345909090909,0.0
418,-0.228391465812,0.0
419,-0.0204831932773,1.0
420,0.119236311239,1.0
421,0.0312719195698,1.0
422,-0.288353958298,0.0
423,0.151675638132,1.0
424,-0.0184227537169,0.0
425,-0.125819767895,0.0
426,-0.0511363636364,0.0
427,-0.0988505747126,0.0
428,0.0916198248067,1.0
429,0.119865592147,0.0
430,-0.245884773663,0.0
431,0.0669191919192,1.0
432,0.121656121656,0.0
433,0.299988119282,1.0
434,-0.0987829614604,0.0
435,-0.0259726224784,0.0
436,0.179487179487,1.0
437,-0.128572507268,0.0
438,0.0694847605225,0.0
439,0.117010989011,0.0
440,0.0478763040238,1.0
441,0.135044642857,0.0
442,-0.0367407881406,0.0
443,0.0926916221034,0.0
444,0.167662502263,1.0
445,-0.0544533558463,0.0
446,-0.21103848947,0.0
447,0.408290319334,1.0
448,0.105052817609,0.0
449,-0.181318681319,0.0
450,0.0140845070423,1.0
451,0.0861973392461,0.0
452,0.372341718313,1.0
453,-0.396371632765,0.0
454,-0.007272106521,1.0
455,-0.0435599284436,1.0
456,0.202530316552,1.0
457,-0.0840336134454,0.0
458,-0.140422231283,0.0
459,-0.166220735786,0.0
460,0.384910048567,1.0
461,-0.347587195413,0.0
462,0.0271883289125,1.0
463,0.132149463559,1.0
464,-0.00576368876081,1.0
465,-0.309469408479,0.0
466,-0.0580378398697,0.0
467,0.0863868879841,0.0
468,-0.0100022527596,0.0
469,-0.0854875478515,0.0
470,-0.00560887448585,1.0
471,-0.417284746856,0.0
472,-0.295835743204,0.0
473,0.454385288774,1.0
474,0.0603892266126,0.0
475,0.0111457334612,0.0
476,-0.100050119033,0.0
477,-0.0833333333333,0.0
478,0.0109348714251,0.0
479,-0.230213270142,0.0
480,-0.0312719195698,0.0
481,-0.0179060303367,0.0
482,-0.210815378116,0.0
483,0.229797979798,1.0
484,-0.113338788871,0.0
485,0.0030303030303,0.0
486,-0.0124661009535,0.0
487,-0.252497943899,0.0
488,-0.287440736265,0.0
489,0.310842939172,1.0
490,0.0958904109589,0.0
491,-0.0942959001783,0.0
492,-0.013698630137,1.0
493,-0.118250586905,0.0
494,-0.40429035876,0.0
495,-0.435811548824,0.0
496,-0.304945054945,0.0
497,-0.0101693604516,0.0
498,0.100997561516,1.0
499,0.0142104272539,1.0
500,-0.297238261547,0.0
501,-0.175824175824,0.0
502,-0.0790065639059,0.0
503,0.21021633254,1.0
504,0.243055555556,1.0
505,0.467535016755,1.0
506,-0.252477914243,0.0
507,-0.025411358811,0.0
508,0.272450016943,0.0
509,0.142247744053,0.0
510,0.150814211695,0.0
511,-0.345881156011,0.0
512,-0.00721153846154,0.0
513,-0.314375987362,0.0
514,-0.330864197531,0.0
515,-0.467535016755,0.0
516,0.164502164502,1.0
517,-0.0862935514098,0.0
518,-0.433580858086,0.0
519,0.563364945557,1.0
520,0.510970654628,1.0
521,-0.201008645533,0.0
522,0.279827315542,1.0
523,-0.014598540146,0.0
524,0.0,1.0
525,0.0190476190476,0.0
526,0.120583159233,1.0
527,-0.198964249916,0.0
528,-0.0224828934506,1.0
529,0.0315084449621,1.0
530,-0.495525114155,0.0
531,0.020421827921,0.0
532,0.0212671688082,0.0
533,0.397742663657,1.0
534,-0.0632183908046,0.0
535,0.100050119033,1.0
536,-0.0167102815525,0.0
537,0.111764705882,1.0
538,0.0435016111708,1.0
539,0.118724559023,1.0
540,0.0544533558463,1.0
541,0.130716463415,0.0
542,-0.0824824824825,0.0
543,0.00131332082552,0.0
544,0.570649350649,1.0
545,-0.0656126482213,0.0
546,0.0375168548238,1.0
547,-0.150943396226,0.0
548,-0.037518037518,0.0
549,0.00560887448585,0.0
550,0.428571428571,1.0
551,0.0038295038295,0.0
552,-0.18487394958,0.0
553,-0.153231663036,0.0
554,0.0942959001783,1.0
555,-0.0486654573724,1.0
556,-0.026451483292,1.0
557,0.0,1.0
558,-0.086032388664,0.0
559,-0.322344322344,0.0
560,0.103777985075,0.0
561,-0.284049284049,0.0
562,0.301448551449,1.0
563,-0.0993091537133,0.0
564,-0.0735141725084,0.0
565,-0.101637318505,0.0
566,0.205524996944,1.0
567,-0.0403377110694,0.0
568,-0.134210526316,0.0
569,-0.0808413488529,0.0
570,0.0862068965517,0.0
571,-0.0104983556792,0.0
572,0.0124661009535,1.0
573,-0.147354579208,0.0
574,-0.0514705882353,0.0
575,-0.0481577246283,0.0
576,0.0188198154444,0.0
577,-0.550495049505,0.0
578,-0.0438689893096,0.0
579,-0.321642619312,0.0
580,0.166221590909,1.0
581,0.259920634921,0.0
582,0.0224403927069,0.0
583,0.195410414828,0.0
584,0.211755485893,0.0
585,-0.047619047619,0.0
586,-0.512061791183,0.0
587,-0.126620689655,0.0
588,0.336896551724,0.0
589,-0.0213271515503,0.0
590,0.0133459605158,0.0
591,0.375091575092,1.0
592,0.361606950837,0.0
593,-0.0959946296711,1.0
594,0.127259036145,1.0
595,0.150943396226,0.0
596,-0.302083333333,0.0
597,-0.458281893004,0.0
598,0.303512302798,1.0
599,0.17828009828,0.0
600,0.109589041096,0.0
601,0.0182406590174,1.0
602,0.0705797470503,1.0
603,-0.0979020979021,0.0
604,-0.0600712556937,0.0
605,0.037518037518,1.0
606,0.0651798453105,0.0
607,-0.613713318284,0.0
608,0.383208731128,1.0
609,-0.0894062078273,0.0
610,-0.109026369168,0.0
611,-0.228896103896,0.0
612,0.288618103624,1.0
613,-0.303512302798,0.0
614,-0.0908681556196,0.0
615,-0.178003577462,0.0
616,0.0481792717087,1.0
617,0.0944523470839,0.0
618,-0.00359362859363,0.0
619,0.0974299065421,0.0
620,0.14793767876,1.0
621,0.473296703297,1.0
622,-0.0725360230548,0.0
623,0.106426769353,1.0
624,-0.41283700328,0.0
625,-0.225735294118,0.0
626,0.353907047219,1.0
627,-0.239686311787,0.0
628,0.140964493906,0.0
629,-0.209345163968,0.0
630,0.477518037518,0.0
631,-0.246575342466,0.0
632,-0.0478763040238,0.0
633,0.0630619380619,0.0
634,-0.174851190476,0.0
635,-0.747742663657,0.0
636,0.00734192388373,0.0
637,0.007272106521,0.0
638,0.0298507462687,0.0
639,0.180869565217,0.0
640,0.0676990271987,1.0
641,-0.398665227206,0.0
642,-0.18431372549,0.0
643,0.341363211951,1.0
644,-0.00569759141263,0.0
645,-0.140786240786,1.0
646,0.0537931034483,1.0
647,0.435811548824,1.0
648,-0.0355665839537,0.0
649,0.262160428404,1.0
650,0.0580378398697,1.0
651,0.151092146703,0.0
652,-0.0922033144255,0.0
653,-0.332503113325,0.0
654,0.125889328063,0.0
655,0.317232461812,1.0
656,0.04,1.0
657,-0.163994626064,0.0
658,-0.0815766251593,0.0
659,-0.0555555555556,0.0
660,0.0597981421936,0.0
661,-0.0928125,0.0
662,-0.205738705739,0.0
663,-0.62139474817,0.0
664,0.0210622710623,0.0
665,-0.472911963883,0.0
666,-0.0341344674184,0.0
667,-0.209173871278,0.0
668,0.36557312253,1.0
669,0.127089688835,0.0
670,0.122867548399,0.0
671,-0.350555423548,0.0
672,-0.191488116146,0.0
673,0.0598490075902,1.0
674,-0.282278949316,0.0
675,-0.043346914439,0.0
676,-0.236527208573,0.0
677,-0.111111111111,0.0
678,0.14064171123,1.0
679,-0.262579519803,0.0
680,0.0893329971,0.0
681,0.0134277241783,1.0
682,-0.0497049883783,0.0
683,0.0317703634277,1.0
684,-0.243055555556,0.0
685,-0.475169300226,0.0
686,0.0538720538721,0.0
687,0.0078125,0.0
688,0.092404450895,0.0
689,0.258620689655,1.0
690,-0.271120689655,0.0
691,-0.0309261658031,1.0
692,-0.121568627451,0.0
693,-0.00324726754316,0.0
694,-0.028981264637,0.0
695,-0.260073260073,0.0
696,0.227272727273,0.0
697,-0.030885853903,0.0
698,-0.300366972477,0.0
699,-0.126558813616,1.0
700,0.0260729118597,1.0
701,-0.0986140724947,0.0
702,-0.267100685371,0.0
703,0.0263728004244,0.0
704,0.0497049883783,1.0
705,-0.08,0.0
706,-0.287671232877,0.0
707,-0.111721611722,0.0
708,0.292774644104,1.0
709,-0.333520074697,0.0
710,-0.142708933718,0.0
711,0.035039079003,0.0
712,0.00420168067227,0.0
713,-0.21101982881,0.0
714,-0.0519480519481,1.0
715,0.0714285714286,0.0
716,-0.1,0.0
717,0.00383076043453,0.0
718,-0.447838686308,0.0
719,-0.166666666667,0.0
720,-0.0478906714201,1.0
721,-0.276523171019,0.0
722,0.127064274682,1.0
723,-0.0212671688082,1.0
724,0.0833333333333,1.0
725,0.15,0.0
726,0.5,1.0
727,0.105666721338,1.0
728,0.138636363636,0.0
729,-0.0621189872291,1.0
730,-0.397977058258,0.0
731,0.0675505050505,1.0
732,-0.333831914207,0.0
733,-0.0304971881033,0.0
734,-0.171840864666,0.0
735,0.0798092209857,1.0
736,0.326303317536,1.0
737,-0.53742517645,0.0
738,0.0119047619048,0.0
739,-0.0425724637681,0.0
740,0.0438167662502,1.0
741,-0.169155354449,0.0
742,0.0894062078273,1.0
743,0.0101693604516,1.0
744,-0.372112635792,0.0
745,0.0836940836941,1.0
746,-0.482352941176,0.0
747,-0.134920634921,0.0
748,-0.268875315363,0.0
749,-0.226286871024,0.0
750,0.26123737097,1.0
751,0.111673506612,0.0
752,-0.136393018746,1.0
753,0.0983260925121,0.0
754,-0.0327731092437,0.0
755,-0.170208933718,0.0
756,-0.027365413024,0.0
757,0.13459978697,1.0
758,-0.109694592323,0.0
759,-0.220793433653,0.0
760,0.152727272727,0.0
761,0.142666428273,0.0
762,-0.00792507204611,0.0
763,-0.423529411765,0.0
764,0.043346914439,1.0
765,-0.217717786889,0.0
766,0.031461569096,0.0
767,0.33210597216,1.0
768,-0.025001830295,0.0
769,-0.610869942698,0.0
770,0.0749249249249,0.0
771,0.0153579926455,1.0
772,0.504097933669,1.0
773,0.333520074697,1.0
774,0.13893557423,1.0
775,-0.0913165266106,0.0
776,-0.363746128406,0.0
777,0.0725360230548,1.0
778,0.0854066818397,0.0
779,0.262762237762,0.0
780,0.149369747899,1.0
781,-0.164619164619,0.0
782,-0.0375168548238,0.0
783,-0.000457735733903,0.0
784,-0.305855855856,0.0
785,-0.0504201680672,0.0
786,0.174603174603,0.0
787,0.137726353822,1.0
788,0.0682289923,1.0
789,0.128442844284,0.0
790,-0.0952380952381,0.0
791,-0.037108834118,1.0
792,0.147501105705,0.0
793,0.0144927536232,0.0
794,0.0664961636829,0.0
795,0.0322344322344,1.0
796,-0.388888888889,0.0
797,-0.0180975502097,1.0
798,-0.234803057025,0.0
799,0.0568421052632,0.0
800,-0.114719493383,0.0
801,-0.062480127186,1.0
802,-0.0474578959892,0.0
803,-0.0555555555556,0.0
804,-0.205738705739,0.0
805,-0.063990519923,0.0
806,0.0393301846286,1.0
807,0.0211792252022,0.0
808,-0.0705797470503,0.0
809,0.0119047619048,0.0
810,-0.0746831712349,0.0
811,0.0912254991757,1.0
812,-0.545454545455,0.0
813,0.0559574291178,1.0
814,-0.0804889910691,0.0
815,-0.250380807312,0.0
816,-0.165703634669,0.0
817,0.493227990971,1.0
818,0.0548340548341,1.0
819,-0.619014739078,0.0
820,-0.105052817609,1.0
821,-0.0882212359167,0.0
822,-0.0722972972973,0.0
823,-0.126744186047,0.0
824,0.0804889910691,1.0
825,0.010101010101,0.0
826,-0.178082191781,0.0
827,0.0468443627451,1.0
828,0.0598140396843,1.0
829,0.0609029779059,1.0
830,-0.426083987709,0.0
831,-0.378479196557,0.0
832,0.208333333333,1.0
833,0.0204831932773,0.0
834,0.465517241379,1.0
835,-0.0186813186813,0.0
836,-0.0139152435168,0.0
837,-0.234790874525,0.0
838,0.0317095210712,0.0
839,0.0442115605043,0.0
840,0.030885853903,1.0
841,-0.0914565826331,1.0
842,-0.335970654628,0.0
843,0.0746878001921,1.0
844,-0.0536358763623,0.0
845,-0.167297979798,0.0
846,0.452549019608,1.0
847,-0.0262725779967,0.0
848,0.0627235509588,0.0
849,0.317829036635,0.0
850,-0.131092436975,0.0
851,-0.315274642588,0.0
852,0.28597268017,0.0
853,-0.0673376681215,0.0
854,0.345881156011,1.0
855,-0.183933002481,0.0
856,0.0367407881406,1.0
857,0.488235294118,1.0
858,0.0550679205852,1.0
859,-0.0750762195122,1.0
860,-0.133333333333,0.0
861,0.0827108029524,1.0
862,0.013698630137,0.0
863,-0.0540293040293,0.0
864,-0.187288809382,0.0
865,0.38065244302,1.0
866,-0.0947261663286,0.0
867,0.332503113325,1.0
868,0.382555282555,0.0
869,0.1,1.0
870,-0.0971024364684,1.0
871,-0.191908452478,0.0
872,0.0109090909091,0.0
873,0.396371632765,1.0
874,0.245884773663,1.0
875,-0.0268360285615,0.0
876,0.105629877369,0.0
877,-0.0705882352941,0.0
878,0.115384615385,1.0
879,0.174702058505,1.0
880,0.196120689655,0.0
881,-0.116663686751,0.0
882,-0.127259036145,0.0
883,-0.239090909091,0.0
884,0.147058823529,0.0
885,0.380799711816,1.0
886,0.378695044609,1.0
887,-0.268118393235,0.0
888,0.276523171019,1.0
889,-0.120689655172,0.0
890,-0.358641358641,0.0
891,-0.120583159233,0.0
892,-0.450018114427,0.0
893,-0.0753968253968,0.0
894,0.0614035087719,0.0
895,-0.376999441734,0.0
896,-0.477602990971,0.0
897,0.0180975502097,0.0
898,-0.0921660333236,0.0
899,-0.155579937304,0.0
900,0.12,1.0
901,-0.317345035963,0.0
902,0.146103896104,0.0
903,-0.541544117647,0.0
904,0.256178196545,0.0
905,0.179695304695,1.0
906,0.170617500732,1.0
907,0.140786240786,0.0
908,-0.0215564486664,0.0
909,0.0671140939597,1.0
910,-0.605022643063,0.0
911,0.241189427313,0.0
912,-0.170792079208,0.0
913,0.166187222822,0.0
914,0.0821661998133,1.0
915,0.0973312401884,1.0
916,0.368638021246,1.0
917,-0.0111446325648,1.0
918,0.15466507177,0.0
919,0.136287223823,1.0
920,-0.268220572057,0.0
921,0.173481340994,1.0
922,0.277687626775,0.0
923,0.0438689893096,1.0
924,0.170731707317,1.0
925,-0.0910367250425,0.0
926,0.18,1.0
927,-0.33210597216,0.0
928,0.0869875222816,1.0
929,-0.315160635702,0.0
930,-0.112570090141,0.0
931,0.166666666667,1.0
932,0.304945054945,1.0
933,0.203903252711,0.0
934,0.026451483292,0.0
935,0.0511363636364,1.0
936,-0.310842939172,0.0
937,0.2,0.0
938,0.273844555998,0.0
939,-0.101400560224,0.0
940,0.330864197531,1.0
941,-0.0182406590174,0.0
942,-0.129390217626,0.0
943,-0.027417027417,0.0
944,0.08,1.0
945,0.013246657672,0.0
946,0.600741239892,0.0
947,0.124838501292,0.0
948,-0.0482030318515,0.0
949,0.0464148527529,0.0
950,-0.00404294506087,0.0
951,-0.212002034243,0.0
952,0.00901442307692,0.0
953,-0.301448551449,0.0
954,0.284049284049,1.0
955,-0.0833250521713,0.0
956,-0.165476190476,0.0
957,-0.0365165548813,0.0
958,-0.133767502442,0.0
959,0.0808413488529,1.0
960,-0.0928075658562,0.0
961,0.103448275862,1.0
962,-0.455210870974,0.0
963,-0.434624505929,0.0
964,0.539409330324,1.0
965,-0.377055788455,0.0
966,0.233516483516,0.0
967,-0.328767123288,0.0
968,-0.326561324304,0.0
969,0.605348988911,1.0
970,-0.14064171123,0.0
971,-0.0821661998133,0.0
972,0.408811798968,1.0
973,-0.00330697340043,0.0
974,0.0988505747126,1.0
975,0.0181818181818,0.0
976,0.133948697463,0.0
977,0.162168969488,0.0
978,-0.0630876554443,0.0
979,0.485049344528,1.0
980,-0.0742204655248,0.0
981,0.120822281167,1.0
982,-0.04,0.0
983,-0.18,0.0
984,-0.230269607843,0.0
985,-0.376698229724,0.0
986,0.160610484406,0.0
987,-0.122381635581,0.0
988,0.018301830183,1.0
989,-0.000251545959543,0.0
990,-0.208754640007,1.0
991,-0.292774644104,0.0
992,-0.0884256615267,0.0
993,-0.384910048567,0.0
994,0.254916136495,1.0
995,0.343742162027,1.0
996,-0.0679012345679,0.0
997,0.0283878504673,1.0
998,-0.39508797654,0.0
999,0.0471014492754,0.0
1000,-0.0767821307041,0.0
1001,-0.0526788669788,0.0
1002,-0.0378621378621,0.0
1003,-0.0718725718726,0.0
1004,0.0192420166101,0.0
1005,0.130014269859,1.0
1006,-0.0255428067079,0.0
1007,-0.0625,0.0
1008,-0.336734693878,0.0
1009,-0.0435016111708,0.0
1010,0.0373303167421,0.0
1011,0.445485327314,1.0
1012,-0.546698645598,0.0
1013,-0.0267145135566,0.0
1014,0.0267145135566,1.0
1015,0.0389676582337,1.0
1016,0.0454836549937,0.0
1017,-0.510970654628,0.0
1018,0.0486842105263,1.0
1019,0.512458760201,1.0
1020,0.0111446325648,0.0
1021,0.124003447533,1.0
1022,0.0957940056301,1.0
1023,0.252497943899,1.0
1024,0.0824824824825,1.0
1025,0.516759012244,1.0
1026,-0.0947443181818,0.0
1027,0.157881773399,1.0
1028,0.396607958252,1.0
1029,-0.0406610230548,0.0
1030,0.240163062744,1.0
1031,-0.262160428404,0.0
1032,-0.111769059956,0.0
1033,0.0584892794909,0.0
1034,-0.088341543514,0.0
1035,0.04329004329,0.0
1036,-0.0438167662502,0.0
1037,0.465274642588,1.0
1038,-0.421345936795,0.0
1039,-0.180132236736,0.0
1040,-0.0536020233336,0.0
1041,-0.067958357432,0.0
1042,-0.167463617464,0.0
1043,0.051724137931,1.0
1044,0.417284746856,1.0
1045,0.00484622553588,0.0
1046,0.4199618588,1.0
1047,0.210815378116,1.0
1048,0.180375180375,1.0
1049,0.0880272465287,1.0
1050,0.108730216087,1.0
1051,0.047619047619,1.0
1052,-0.150084625589,0.0
1053,0.351286261631,1.0
1054,0.35524691358,0.0
1055,-0.0921658986175,1.0
1056,0.0495123407643,0.0
1057,0.123154623155,1.0
1058,-0.236842105263,0.0
1059,0.0241653418124,0.0
1060,0.288580984233,1.0
1061,-0.175443954797,0.0
1062,-0.378695044609,0.0
1063,0.335970654628,1.0
1064,-0.0652173913043,0.0
1065,0.133251684017,0.0
1066,-0.0140845070423,0.0
1067,-0.144764957265,0.0
1068,-0.0415464007697,0.0
1069,0.131092436975,1.0
1070,-0.0679437192745,0.0
1071,0.193454545455,0.0
1072,-0.539409330324,0.0
1073,0.159452054795,0.0
1074,0.237426636569,1.0
1075,0.339010989011,1.0
1076,0.0417613636364,0.0
1077,0.25,1.0
1078,0.0865719646207,0.0
1079,0.092394533571,1.0
1080,-0.237037037037,1.0
1081,0.0175824175824,1.0
1082,0.598659930488,1.0
1083,-0.26123737097,0.0
1084,0.21103848947,1.0
1085,0.0183126461594,0.0
1086,0.209345163968,1.0
1087,-0.254916136495,0.0
1088,0.0952380952381,1.0
1089,-0.0839427662957,0.0
1090,0.333831914207,1.0
1091,-0.473227990971,0.0
1092,0.171733212341,0.0
1093,0.157581453634,0.0
1094,-0.0289855072464,1.0
1095,0.405585913783,0.0
1096,0.0247186051644,1.0
1097,0.0404392865488,1.0
1098,0.0338038242285,1.0
1099,-0.0522388059701,1.0
1100,0.136393018746,0.0
1101,-0.226782497663,0.0
1102,-0.0684628323546,0.0
1103,-0.0168668353838,0.0
1104,0.282278949316,1.0
1105,0.0362571141614,0.0
1106,-0.127000787195,0.0
1107,0.0422339108911,0.0
1108,0.0533569207065,0.0
1109,0.423076923077,1.0
1110,0.18841766349,0.0
1111,0.0127902550438,0.0
1112,-0.343742162027,0.0
1113,0.086032388664,1.0
1114,0.161053775122,0.0
1115,0.3,1.0
1116,0.0787783697001,0.0
1117,-0.133749783099,0.0
1118,0.0213156706307,0.0
1119,0.0692315241928,1.0
1120,-0.0916198248067,0.0
1121,-0.434743474347,0.0
1122,-0.0715322413436,0.0
1123,0.542688972806,1.0
1124,-0.120769230769,0.0
1125,0.405649388468,0.0
1126,-0.0109126984127,0.0
1127,-0.0357794747625,0.0
1128,0.0979020979021,1.0
1129,0.309469408479,1.0
1130,-0.0093984962406,0.0
1131,0.09045781893,1.0
1132,-0.0404531265085,0.0
1133,0.0164737000858,0.0
1134,-9.53470633104e-05,0.0
1135,0.0632282159859,0.0
1136,-0.199792867435,0.0
1137,-0.141310292027,1.0
1138,0.00359362859363,1.0
1139,-0.0481792717087,0.0
1140,-0.419683257919,0.0
1141,0.032340466551,1.0
1142,-0.0161769984105,0.0
1143,0.0309261658031,0.0
1144,0.206043956044,1.0
1145,-0.199577294686,0.0
1146,0.31027857829,1.0
1147,0.051597582038,0.0
1148,0.0530492898914,0.0
1149,0.286894586895,0.0
1150,0.0486654573724,0.0
1151,0.337012987013,0.0
1152,0.0595090503347,0.0
1153,0.237525632262,1.0
1154,0.210784313725,1.0
1155,0.180681818182,0.0
1156,-0.0416666666667,0.0
1157,0.0327731092437,1.0
1158,0.0208986415883,1.0
1159,-0.172181522182,0.0
1160,-0.220500718243,0.0
1161,0.173089998211,1.0
1162,0.0989015578666,1.0
1163,0.162139747045,0.0
1164,-0.202530316552,0.0
1165,0.0411764705882,0.0
1166,-0.0167164603784,0.0
1167,0.405454545455,0.0
1168,0.53742517645,1.0
1169,-0.462517680339,0.0
1170,0.0386215092097,1.0
1171,-0.0334685598377,0.0
1172,0.00835396039604,0.0
1173,0.206756756757,0.0
1174,0.155264922871,0.0
1175,0.0300137076107,0.0
1176,-0.21021633254,0.0
1177,-0.0148856990962,0.0
1178,0.666810344828,1.0
1179,0.232189542484,0.0
1180,0.293351118408,0.0
1181,0.370589029731,1.0
1182,-0.332513705256,0.0
1183,0.0199362041467,1.0
1184,-0.241297506657,0.0
1185,-0.368638021246,0.0
1186,-0.166221590909,0.0
1187,0.0823529411765,0.0
1188,-0.136363636364,0.0
1189,0.0168668353838,1.0
1190,0.0203473945409,0.0
1191,0.336794582393,1.0
1192,-0.0140845070423,0.0
1193,0.341216909501,1.0
1194,-0.269479258605,0.0
1195,-0.0410992366412,0.0
1196,0.0622855392157,1.0
1197,0.0586076249112,0.0
1198,-0.372341718313,0.0
1199,0.0093984962406,1.0
1200,0.53125,0.0
1201,-0.315789473684,0.0
1202,-0.0140845070423,0.0
1203,-0.246349463883,0.0
1204,0.195454545455,0.0
1205,0.126262626263,1.0
1206,0.0424377004688,1.0
1207,-0.0355308667855,0.0
1208,0.0750762195122,0.0
1209,0.000562825383425,0.0
1210,-0.229111176877,0.0
1211,-0.0751039809863,1.0
1212,-0.018301830183,0.0
1213,-0.0836940836941,0.0
1214,-0.488235294118,0.0
1215,0.0642997135534,1.0
1216,0.0377682145114,0.0
1217,0.121034077556,0.0
1218,-0.0963939857288,0.0
1219,0.0396825396825,0.0
1220,0.139381894067,0.0
1221,0.00404294506087,1.0
1222,-0.179695304695,0.0
1223,0.494013303769,0.0
1224,0.0,0.0
1225,0.546698645598,1.0
1226,0.0137888198758,0.0
1227,0.00848824378236,0.0
1228,-0.0997474747475,0.0
1229,0.172181522182,1.0
1230,-0.40815462754,0.0
1231,-0.146044624746,0.0
1232,0.496698645598,1.0
1233,-0.0714285714286,0.0
1234,-0.0827108029524,0.0
1235,-0.13459978697,0.0
1236,-0.0568421052632,1.0
1237,-0.0347052280311,0.0
1238,-0.09045781893,0.0
1239,0.0188405797101,1.0
1240,-0.0720907707209,0.0
1241,0.0120163422254,0.0
1242,0.277766659996,0.0
1243,-0.00602006688963,1.0
1244,-0.0714285714286,0.0
1245,0.113330529857,0.0
1246,0.00869565217391,0.0
1247,-0.0224403927069,1.0
1248,-0.0030303030303,1.0
1249,0.158378691372,0.0
1250,0.350792359432,1.0
1251,-0.128286766298,0.0
1252,-0.351286261631,0.0
1253,0.497303535526,1.0
1254,0.281538461538,0.0
1255,-0.0409938804099,0.0
1256,0.295835743204,1.0
1257,-0.0621155638397,0.0
1258,-0.0635861786956,0.0
1259,-0.237525632262,0.0
1260,-0.266973432888,0.0
1261,-0.0491604697332,0.0
1262,0.00972706155633,0.0
1263,0.109830097087,0.0
1264,-0.0162147793727,0.0
1265,-0.112594617325,0.0
1266,0.0686677631579,0.0
1267,-0.3,0.0
1268,0.129390217626,1.0
1269,-0.635321373411,0.0
1270,-0.0458907289893,0.0
1271,0.040866873065,1.0
1272,0.0134404388715,1.0
1273,0.0792514724521,0.0
1274,-0.206349206349,0.0
1275,-0.516759012244,0.0
1276,-0.334538418453,1.0
1277,0.0808024828198,1.0
1278,0.0,0.0
1279,0.0432374486332,0.0
1280,-0.241733656909,0.0
1281,0.150084625589,1.0
1282,0.280432900433,0.0
1283,0.0689655172414,0.0
1284,0.0746996996997,0.0
1285,-0.542688972806,0.0
1286,-0.00869565217391,1.0
1287,-0.4199618588,0.0
1288,0.0147447183099,0.0
1289,-0.423116883117,0.0
1290,0.477413038157,1.0
1291,-0.092404450895,1.0
1292,-0.1,0.0
1293,-0.118724559023,0.0
1294,0.220500718243,1.0
1295,-0.0144927536232,1.0
1296,0.101400560224,1.0
1297,-0.224385026738,0.0
1298,0.0193312434692,0.0
1299,-0.264383158308,0.0
1300,0.080059970015,1.0
1301,-0.201643017177,0.0
1302,-0.170617500732,0.0
1303,0.0993091537133,1.0
1304,0.028961489899,1.0
1305,0.0489171023152,0.0
1306,-0.375091575092,0.0
1307,0.210769230769,0.0
1308,0.0144927536232,0.0
1309,-0.0234123500146,0.0
1310,0.40815462754,1.0
1311,-0.607683982684,0.0
1312,-0.353907047219,0.0
1313,-0.0199362041467,0.0
1314,0.186206896552,1.0
1315,-0.146187712628,0.0
1316,-0.268423219432,0.0
1317,0.195839180038,1.0
1318,-0.242101280192,0.0
1319,-0.215806451613,0.0
1320,0.236527208573,1.0
1321,-0.117896835653,0.0
1322,-0.352941176471,0.0
1323,0.0,0.0
1324,-0.336794582393,0.0
1325,0.0243902439024,0.0
1326,0.054347826087,0.0
1327,-0.103111111111,0.0
1328,-0.022154316272,1.0
1329,-0.25,0.0
1330,-0.0875032748232,0.0
1331,0.0875032748232,1.0
1332,0.0140845070423,1.0
1333,-0.104646464646,0.0
1334,-0.0228571428571,0.0
1335,-0.061571713589,0.0
1336,0.597742663657,1.0
1337,0.472554112554,0.0
1338,-0.0937797524595,1.0
1339,-0.0453463203463,0.0
1340,0.541544117647,1.0
1341,-0.126262626263,0.0
1342,0.217575998938,0.0
1343,0.0625076080341,0.0
1344,-0.376935566908,0.0
1345,-0.563364945557,0.0
1346,0.0415168635508,0.0
1347,0.222562792678,0.0
1348,-0.0869626102787,0.0
1349,0.486378675902,1.0
1350,-0.286563400576,0.0
1351,-0.0093984962406,0.0
1352,-0.0283878504673,0.0
1353,0.105882352941,0.0
1354,0.0905050505051,0.0
1355,0.102449490434,1.0
1356,0.0140845070423,1.0
1357,0.0321777116832,0.0
1358,-0.127064274682,0.0
1359,0.00908521303258,0.0
1360,-0.135704874835,0.0
1361,0.0831643002028,0.0
1362,-0.0746878001921,0.0
1363,-0.295266512953,0.0
1364,0.0837993165579,0.0
1365,-0.0367592484081,0.0
1366,-0.106628724473,0.0
1367,-0.0394563106796,0.0
1368,-0.168918918919,0.0
1369,0.102768424991,1.0
1370,-0.030303030303,0.0
1371,-0.289723600283,0.0
1372,0.0997909250155,1.0
1373,0.0300665456745,1.0
1374,0.262579519803,1.0
1375,-0.121954414462,0.0
1376,-0.547712418301,0.0
1377,0.439286987522,1.0
1378,0.384337163965,1.0
1379,0.059901193907,1.0
1380,-0.275739373302,0.0
1381,-0.0136842105263,0.0
1382,0.0714285714286,1.0
1383,0.0379665379665,1.0
1384,0.0921658986175,0.0
1385,-0.352127623732,0.0
1386,-0.245485327314,0.0
1387,0.136363636364,1.0
1388,0.14679735359,0.0
1389,-0.1125,0.0
1390,0.217717786889,1.0
1391,-0.113251454428,0.0
1392,-0.0212915096819,0.0
1393,-0.0196607740086,0.0
1394,0.300366972477,1.0
1395,-0.339010989011,0.0
1396,-0.145442792502,0.0
1397,0.0971024364684,0.0
1398,0.747742663657,1.0
1399,-0.332510288066,0.0
1400,0.0631604226705,0.0
1401,0.635321373411,1.0
1402,-0.38065244302,0.0
1403,-0.0874599655087,0.0
1404,0.234790874525,0.0
1405,-0.0393301846286,0.0
1406,0.166315789474,0.0
1407,-0.668863636364,0.0
1408,-0.032340466551,0.0
1409,0.030303030303,1.0
1410,0.275249722531,0.0
1411,0.00792507204611,1.0
1412,-0.348461912982,0.0
1413,0.0895831868982,0.0
1414,-0.19676700956,0.0
1415,0.275725232622,0.0
1416,-0.111764705882,0.0
1417,-0.00365497076023,0.0
1418,0.434743474347,1.0
1419,0.177562635246,0.0
1420,-0.174702058505,0.0
1421,-0.0989015578666,0.0
1422,-0.0564826700899,0.0
1423,-0.326303317536,0.0
1424,-0.194949494949,0.0
1425,0.0984098409841,1.0
1426,-0.474478622688,0.0
1427,-0.0869875222816,0.0
1428,-0.225874125874,0.0
1429,0.0688560653677,0.0
1430,-0.293227990971,0.0
1431,0.0367622995527,0.0
1432,-0.0593644354293,0.0
1433,0.297742663657,1.0
1434,0.0849613349613,1.0
1435,-0.100997561516,0.0
1436,0.459293394777,1.0
1437,0.196078431373,1.0
1438,-0.0550679205852,0.0
1439,0.0439053728949,0.0
1440,0.613713318284,1.0
1441,-0.12,0.0
1442,-0.205524996944,0.0
1443,-0.0609029779059,0.0
1444,0.165476190476,1.0
1445,-0.0781519861831,0.0
1446,-0.483105808162,0.0
1447,-0.0675505050505,0.0
1448,-0.0189142875618,0.0
1449,0.131908590774,1.0
1450,-0.184796109241,0.0
1451,-0.485049344528,0.0
1452,0.114210526316,1.0
1453,0.251995123033,0.0
1454,-0.0676518883415,0.0
1455,-0.0303279813366,0.0
1456,-0.0353034161763,0.0
1457,-0.115179175118,0.0
1458,0.0482026143791,0.0
1459,-0.121656121656,1.0
1460,0.177161862528,0.0
1461,-0.370589029731,0.0
1462,-0.465517241379,0.0
1463,0.0542710719599,0.0
1464,0.376999441734,1.0
1465,-0.0866174055829,0.0
1466,-0.48199819982,0.0
1467,0.237037037037,0.0
1468,0.437479747975,1.0
1469,0.0543307648402,0.0
1470,-0.110274070885,0.0
1471,0.0516551724138,0.0
1472,-0.108730216087,0.0
1473,0.254984326019,0.0
1474,-0.240163062744,0.0
1475,-0.0915601023018,0.0
1476,0.125,1.0
1477,-0.454385288774,0.0
1478,0.0556884635832,1.0
1479,0.0968508615567,1.0
1480,0.542312132752,1.0
1481,-0.100153649168,0.0
1482,-0.149369747899,0.0
1483,-0.0326553180082,0.0
1484,-0.0457920792079,0.0
1485,0.120769230769,1.0
1486,-0.164750957854,0.0
1487,-0.542312132752,0.0
1488,0.186868686869,0.0
1489,-0.0692315241928,0.0
1490,0.0190280507415,0.0
1491,-0.167662502263,0.0
1492,-0.0134404388715,0.0
1493,0.181318681319,1.0
1494,-0.0246187363834,0.0
1495,-0.111998296604,0.0
1496,-0.396607958252,0.0
1497,-0.188963210702,0.0
1498,-0.600741239892,1.0
1499,-0.341463414634,0.0
1500,-0.0362571141614,1.0
1501,-0.208603104213,0.0
1502,0.0312238639532,0.0
1503,-0.151384925298,0.0
1504,0.187061244251,0.0
1505,0.0541119360366,0.0
1506,-0.0378766140603,0.0
1507,0.307540711544,1.0
1508,-0.0649456521739,1.0
1509,0.268979875087,0.0
1510,-0.121034077556,1.0
1511,0.512061791183,1.0
1512,0.223496503497,0.0
1513,0.517224457749,1.0
1514,-0.0895945642408,0.0
1515,-0.326470588235,0.0
1516,-0.0432562017928,0.0
1517,-0.0300665456745,0.0
1518,0.442187108101,1.0
1519,-0.136363636364,0.0
1520,0.285049019608,0.0
1521,0.19676700956,1.0
1522,-0.0740412325427,0.0
1523,-0.14315423139,1.0
1524,0.0224828934506,0.0
1525,0.042912246866,1.0
1526,-0.299988119282,0.0
1527,0.475169300226,1.0
1528,0.264383158308,1.0
1529,0.423529411765,1.0
1530,-0.0862068965517,0.0
1531,0.169155354449,1.0
1532,0.239090909091,1.0
1533,-0.208333333333,0.0
1534,-0.135349798716,0.0
1535,-0.666810344828,0.0
1536,0.0908681556196,1.0
1537,-0.423076923077,0.0
1538,0.293227990971,1.0
1539,0.188593155894,1.0
1540,-0.000380734818199,0.0
1541,0.433580858086,1.0
1542,-0.5976443769,0.0
1543,0.164682539683,0.0
1544,0.619014739078,1.0
1545,-0.0538720538721,1.0
1546,-0.181721641191,0.0
1547,-0.0398957497995,0.0
1548,-0.151024483417,0.0
1549,-0.408290319334,0.0
1550,0.130864197531,0.0
1551,0.305054945055,1.0
1552,0.00263942103023,0.0
1553,-0.126093731272,0.0
1554,0.348461912982,1.0
1555,0.23201621074,1.0
1556,-0.0448182433958,0.0
1557,0.560242663657,1.0
1558,0.268875315363,1.0
1559,0.20404040404,0.0
1560,-0.294505494505,0.0
1561,0.14315423139,0.0
1562,-0.126557632399,0.0
1563,0.0791361016505,1.0
1564,-0.0338038242285,0.0
1565,0.00602006688963,0.0
1566,0.126984126984,0.0
1567,-0.0134277241783,0.0
1568,-0.0379665379665,0.0
1569,-0.0233031674208,0.0
1570,-0.127931769723,0.0
1571,0.0416666666667,1.0
1572,-0.369863013699,0.0
1573,0.0162147793727,1.0
1574,0.538682536425,1.0
1575,-0.136363636364,0.0
1576,-0.0559574291178,0.0
1577,0.0833250521713,1.0
1578,-0.137748848918,0.0
1579,0.376698229724,1.0
1580,0.230769230769,1.0
1581,-0.0689655172414,0.0
1582,0.194949494949,1.0
1583,0.497727272727,0.0
1584,-0.359848484848,0.0
1585,0.0171511304154,0.0
1586,0.00943204868154,0.0
1587,0.235,1.0
1588,0.0708395802099,1.0
1589,-0.153846153846,0.0
1590,0.0478906714201,0.0
1591,-0.109830097087,1.0
1592,0.0685754683634,0.0
1593,-0.506715506716,0.0
1594,-0.126676245211,0.0
1595,0.363746128406,1.0
1596,0.0557142857143,0.0
1597,0.341654494755,1.0
1598,-0.172320578717,0.0
1599,-0.10466513864,0.0
1600,-0.130014269859,0.0
1601,-0.00251076040172,0.0
1602,0.641914191419,1.0
1603,0.163994626064,1.0
1604,-0.0175824175824,0.0
1605,-0.0389676582337,0.0
1606,0.018064516129,1.0
1607,0.228391465812,1.0
1608,0.245485327314,1.0
1609,0.477602990971,1.0
1610,-0.305054945055,0.0
1611,-0.0576923076923,0.0
1612,-0.372328290106,0.0
1613,0.137748848918,1.0
1614,0.178004155217,0.0
1615,-0.132149463559,0.0
1616,-0.0404392865488,0.0
1617,-0.133251684017,1.0
1618,-0.288580984233,0.0
1619,0.396404109589,0.0
1620,-0.191229648121,0.0
1621,-0.129595588235,0.0
1622,-0.0206112295665,0.0
1623,-0.170731707317,0.0
1624,-0.0955233291299,0.0
1625,0.442621346555,1.0
1626,0.289723600283,1.0
1627,0.303629333999,1.0
1628,0.0754716981132,0.0
1629,0.18441890166,0.0
1630,0.022154316272,0.0
1631,0.00423882935564,0.0
1632,0.104646464646,1.0
1633,-0.0941176470588,0.0
1634,-0.0799311559398,0.0
1635,-0.0672268907563,0.0
1636,-0.0546558704453,0.0
1637,-0.14884118541,0.0
1638,0.0759135357694,0.0
1639,-0.0302287581699,0.0
1640,0.0742204655248,1.0
1641,-0.410281945735,0.0
1642,-0.0952380952381,0.0
1643,0.25,0.0
1644,0.668863636364,1.0
1645,0.443106763649,1.0
1646,0.315160635702,1.0
1647,-0.0543456543457,0.0
1648,-0.0937375349023,1.0
1649,-0.198974358974,1.0
1650,-0.17289021658,0.0
1651,-0.0468443627451,0.0
1652,0.113251454428,1.0
1653,0.037108834118,0.0
1654,0.302083333333,1.0
1655,0.0649456521739,0.0
1656,0.315789473684,1.0
1657,-0.0562770562771,0.0
1658,0.1975,1.0
1659,-0.0478533094812,0.0
1660,0.0209837706442,0.0
1661,-0.0676990271987,0.0
1662,0.282467532468,1.0
1663,0.00299547196099,0.0
1664,-0.605348988911,0.0
1665,-0.059901193907,0.0
1666,0.377055788455,1.0
1667,0.0690217391304,0.0
1668,0.154822624733,1.0
1669,0.495525114155,1.0
1670,-0.0244771863118,0.0
1671,-0.0284615384615,0.0
1672,-0.188593155894,0.0
1673,0.140422231283,1.0
1674,0.0522388059701,0.0
1675,0.268771533801,1.0
1676,-0.0174561145435,0.0
1677,-0.0516247639869,0.0
1678,-0.367745139776,0.0
1679,-0.0508474576271,0.0
1680,0.106489325652,1.0
1681,0.109700722394,1.0
1682,0.027365413024,1.0
1683,-0.106489325652,0.0
1684,0.135044642857,0.0
1685,-0.385977957775,0.0
1686,-0.115384615385,0.0
1687,0.141044085911,0.0
1688,0.0759731824222,1.0
1689,0.0217923410975,1.0
1690,0.341463414634,1.0
1691,0.386007044508,0.0
1692,-0.192668371697,0.0
1693,-0.0251748251748,0.0
1694,-0.0759731824222,0.0
1695,-0.0556884635832,0.0
1696,-0.597742663657,0.0
1697,0.0153696163331,0.0
1698,-0.206043956044,0.0
1699,-0.0849613349613,0.0
1700,0.136300118241,0.0
1701,0.5976443769,1.0
1702,0.145442792502,1.0
1703,0.334538418453,0.0
1704,0.0116803278689,0.0
1705,0.140826533298,0.0
1706,0.246349463883,1.0
1707,0.213601532567,0.0
1708,-0.046182303977,0.0
1709,0.0213271515503,1.0
1710,-0.120689655172,0.0
1711,0.199792867435,1.0
1712,-0.163730569948,0.0
1713,0.314375987362,1.0
1714,0.150233728875,0.0
1715,-0.202586206897,0.0
1716,-0.563316434149,0.0
1717,-0.0632282159859,1.0
1718,-0.135911499489,0.0
1719,0.086493480641,0.0
1720,0.285714285714,1.0
1721,-0.0113023477157,0.0
1722,-0.0880272465287,0.0
1723,0.230700104493,0.0
1724,-0.225653594771,0.0
1725,-0.0405268490375,0.0
1726,0.123175586024,1.0
1727,-0.047619047619,0.0
1728,0.0171717171717,0.0
1729,0.376437708266,1.0
1730,0.0799311559398,1.0
1731,-0.171141901577,0.0
1732,0.175824175824,1.0
1733,-0.0247186051644,0.0
1734,0.121711229947,0.0
1735,-0.0127840909091,0.0
1736,-0.477413038157,0.0
1737,0.442333505421,1.0
1738,-0.496698645598,0.0
1739,-0.103448275862,0.0
1740,0.00440436241611,0.0
1741,-0.375820112132,0.0
1742,-0.230769230769,0.0
1743,-0.214465408805,0.0
1744,0.0910367250425,1.0
1745,-0.341216909501,0.0
1746,0.419683257919,1.0
1747,0.124542124542,0.0
1748,-0.30262345679,0.0
1749,0.0555846650948,1.0
1750,0.110258443,0.0
1751,0.410281945735,1.0
1752,-0.0126172208014,0.0
1753,0.224895793861,1.0
1754,-0.010101010101,1.0
1755,0.0751039809863,0.0
1756,0.194800416948,0.0
1757,-0.18039049236,0.0
1758,0.071061315325,0.0
1759,-0.0952380952381,0.0
1760,-0.0217923410975,0.0
1761,0.179797979798,1.0
1762,-0.177161862528,1.0
1763,-0.157881773399,0.0
1764,0.205738705739,1.0
1765,-0.0271883289125,0.0
1766,-0.408811798968,0.0
1767,-0.00299547196099,1.0
1768,-0.473296703297,0.0
1769,0.547811837286,0.0
1770,0.062480127186,0.0
1771,0.0,1.0
1772,0.198974358974,0.0
1773,-0.00524985041786,0.0
1774,-0.0622855392157,0.0
1775,0.359364435429,1.0
1776,-0.00383076043453,1.0
1777,-0.0321777116832,1.0
1778,0.388888888889,1.0
1779,-0.344632988246,0.0
1780,0.378479196557,1.0
1781,-0.641914191419,0.0
1782,-0.271062271062,0.0
1783,-0.141933497537,0.0
1784,-0.186868686869,1.0
1785,0.0304971881033,1.0
1786,-0.239121974002,0.0
1787,0.1,0.0
1788,0.061571713589,1.0
1789,0.0,1.0
1790,0.122222222222,1.0
1791,-0.0468655833269,0.0
1792,-0.517224457749,0.0
1793,-0.0934664246824,0.0
1794,0.40429035876,1.0
1795,-0.325475404683,0.0
1796,0.0966735966736,0.0
1797,0.00848416289593,0.0
1798,-0.0327868852459,0.0
1799,0.0474578959892,1.0
1800,-0.0968508615567,0.0
1801,-0.0514757030707,0.0
1802,0.104023107077,0.0
1803,0.0673376681215,1.0
1804,0.0210378681627,0.0
1805,-0.104483671668,0.0
1806,-0.0642997135534,0.0
1807,-0.0464148527529,1.0
1808,0.0802469135802,0.0
1809,-0.028961489899,0.0
1810,0.0685960591133,1.0
1811,-0.177398989899,0.0
1812,0.147354579208,1.0
1813,0.230049610206,1.0
1814,-0.224895793861,0.0
1815,0.0914565826331,0.0
1816,-0.442621346555,0.0
1817,0.12,1.0
1818,-0.0785714285714,0.0
1819,-0.493227990971,0.0
1820,-0.179487179487,0.0
1821,0.0840336134454,1.0
1822,0.0854875478515,1.0
1823,-0.0252100840336,0.0
1824,0.163730569948,1.0
1825,0.545454545455,1.0
1826,0.0105603448276,1.0
1827,-0.288618103624,0.0
1828,0.145593869732,0.0
1829,-0.0598140396843,0.0
1830,0.257440191388,0.0
1831,-0.0685960591133,0.0
1832,0.0289855072464,0.0
1833,0.0555555555556,1.0
1834,0.563316434149,1.0
1835,-0.15873015873,0.0
1836,0.423116883117,1.0
1837,-0.502384737679,0.0
1838,0.317345035963,1.0
1839,-0.114166972253,0.0
1840,0.166220735786,1.0
1841,0.252477914243,1.0
1842,0.0481577246283,1.0
1843,0.118363437329,0.0
1844,-0.0500515995872,0.0
1845,-0.122209279752,0.0
1846,-0.180375180375,0.0
1847,0.0925969447709,0.0
1848,-0.297742663657,0.0
1849,0.241025641026,1.0
1850,-0.102768424991,0.0
1851,0.426083987709,1.0
1852,0.0567123958844,0.0
1853,-0.196078431373,0.0
1854,-0.0930805687204,0.0
1855,-0.0652173913043,0.0
1856,0.303333333333,1.0
1857,0.289473684211,1.0
1858,0.123919308357,0.0
1859,-0.452549019608,0.0
1860,0.01782119402,1.0
1861,-0.51588817503,0.0
1862,-0.0633971291866,0.0
1863,0.597742663657,1.0
1864,-0.406073645598,0.0
1865,0.0416666666667,0.0
1866,0.0326553180082,1.0
1867,0.340555749849,1.0
1868,-0.0172579757976,0.0
1869,-0.469767309795,0.0
1870,-0.0234560368789,0.0
1871,-0.0657894736842,0.0
1872,0.126558813616,0.0
1873,0.0246396245391,0.0
1874,-0.410512737827,0.0
1875,0.124071301011,0.0
1876,0.112871004566,0.0
1877,0.0684628323546,1.0
1878,0.397977058258,1.0
1879,0.225735294118,1.0
1880,0.0127708978328,0.0
1881,-0.120822281167,0.0
1882,0.62139474817,1.0
1883,-0.0687124327744,0.0
1884,0.0196607740086,1.0
1885,-0.0697336975077,0.0
1886,-0.189595959596,0.0
1887,0.225874125874,1.0
1888,0.469767309795,1.0
1889,0.0,0.0
1890,0.326561324304,1.0
1891,-0.0105603448276,0.0
1892,-0.321465400271,0.0
1893,-0.0450281425891,0.0
1894,-0.282467532468,0.0
1895,0.193788819876,0.0
1896,-0.0957940056301,0.0
1897,-0.42181372549,0.0
1898,0.1365625,0.0
1899,-0.136287223823,0.0
1900,0.0633971291866,1.0
1901,0.191488116146,1.0
1902,-0.0997909250155,0.0
1903,0.164619164619,1.0
1904,0.0519480519481,0.0
1905,0.0679437192745,1.0
1906,0.0815836421024,1.0
1907,0.148148148148,0.0
1908,-0.0861111111111,0.0
1909,-0.0699215832711,0.0
1910,-0.314409330324,0.0
1911,0.153846153846,1.0
1912,-0.0338385852945,0.0
1913,0.486455981941,1.0
1914,-0.147400820793,0.0
1915,-0.114793467819,0.0
1916,-0.131643381823,0.0
1917,-0.115522875817,0.0
1918,0.104090909091,0.0
1919,0.0161769984105,1.0
1920,0.215423197492,0.0
1921,-0.36557312253,0.0
1922,-0.0537931034483,0.0
1923,0.239121974002,1.0
1924,0.305855855856,1.0
1925,-0.31027857829,0.0
1926,0.291860310716,1.0
1927,0.000251545959543,1.0
1928,0.25983227299,1.0
1929,0.344632988246,1.0
1930,0.240086580087,0.0
1931,-0.107891093678,0.0
1932,-0.119236311239,0.0
1933,-0.0386215092097,0.0
1934,-0.341654494755,0.0
1935,0.109243697479,0.0
1936,0.502384737679,1.0
1937,0.271062271062,1.0
1938,0.0740412325427,1.0
1939,0.0226992351345,0.0
1940,-0.369809262654,0.0
1941,-0.558445382275,0.0
1942,-0.040866873065,0.0
1943,-0.0312238639532,1.0
1944,-0.0315084449621,0.0
1945,-0.0682289923,0.0
1946,-0.232650965583,0.0
1947,-0.5,0.0
1948,-0.291860310716,0.0
1949,-0.181818181818,0.0
1950,-0.130852441215,0.0
1951,0.560242663657,1.0
1952,-0.049728049728,0.0
1953,0.112570090141,1.0
1954,-0.241025641026,0.0
1955,0.0409938804099,1.0
1956,0.181818181818,1.0
1957,-0.230769230769,0.0
1958,-0.0144927536232,1.0
1959,0.222381230936,1.0
1960,0.41283700328,1.0
1961,-0.0323322716012,0.0
1962,0.605022643063,1.0
1963,-0.018047401609,0.0
1964,-0.00792161767772,0.0
1965,0.0234560368789,1.0
1966,-0.00957846744521,0.0
1967,-0.0142104272539,0.0
1968,0.296181630547,1.0
1969,0.0,0.0
1970,-0.126053669476,0.0
1971,0.177398989899,1.0
1972,-0.386307738958,0.0
1973,0.0244771863118,1.0
1974,-0.0361305361305,0.0
1975,-0.320461760462,0.0
1976,0.347587195413,1.0
1977,-0.137726353822,0.0
1978,0.374693027063,1.0
1979,0.120198303816,1.0
1980,-0.530604271575,0.0
1981,0.0259726224784,1.0
1982,-0.25983227299,0.0
1983,0.379925280199,0.0
1984,0.386307738958,1.0
1985,-0.131908590774,0.0
1986,0.0718725718726,1.0
1987,0.0268360285615,1.0
1988,-0.0921423709034,0.0
1989,0.243080808081,0.0
1990,0.375209536226,1.0
1991,-0.319177059283,0.0
1992,-0.307540711544,0.0
1993,0.244236311239,1.0
1994,0.0672882409448,0.0
1995,-0.12440540259,0.0
1996,0.0565114709852,0.0
1997,-0.437479747975,0.0
1998,0.448040071839,1.0
1999,-0.168924111431,0.0
2000,-0.106894370651,0.0
2001,-0.374693027063,0.0
2002,0.0952380952381,1.0
2003,-0.19087425984,0.0
2004,-0.0893329971,1.0
2005,0.047619047619,1.0
2006,-0.486378675902,0.0
2007,-0.209523809524,0.0
2008,-0.297742663657,0.0
2009,-0.383208731128,0.0
2010,-0.230049610206,0.0
2011,0.0687124327744,1.0
2012,0.0246187363834,1.0
2013,-0.042912246866,0.0
2014,0.104774083546,1.0
2015,0.0,0.0
2016,-0.146103896104,1.0
2017,0.120689655172,1.0
2018,0.0930805687204,1.0
2019,0.0537694013304,0.0
2020,-0.0260729118597,0.0
2021,-0.504097933669,0.0
2022,0.369809262654,1.0
2023,0.234803057025,1.0
2024,0.12440540259,1.0
2025,-0.0392762577229,0.0
2026,-0.0489838140441,0.0
2027,0.14010989011,1.0
2028,0.0114078793324,0.0
2029,-0.384337163965,0.0
2030,0.0959946296711,0.0
2031,0.465491880871,1.0
2032,0.0193818753274,0.0
2033,-0.570649350649,0.0
2034,-0.0153696163331,1.0
2035,-0.0114078793324,1.0
2036,0.0385081020674,0.0
2037,-0.251113176648,0.0
2038,-0.00222158353853,0.0
2039,-0.252372666878,0.0
2040,0.321705426357,0.0
2041,-0.153916560238,0.0
2042,-0.117647058824,0.0
2043,-0.194769858665,0.0
2044,0.288353958298,1.0
2045,0.0344827586207,0.0
2046,0.136363636364,1.0
2047,-0.0708395802099,0.0
2048,0.530604271575,1.0
2049,0.0167102815525,1.0
2050,-0.0486842105263,0.0
2051,0.15521054494,0.0
2052,0.0624640893048,0.0
2053,0.0489838140441,1.0
2054,-0.110072033363,0.0
2055,0.0161091784854,0.0
2056,-0.376437708266,0.0
2057,-0.057824933687,0.0
2058,0.0184227537169,1.0
2059,0.230769230769,1.0
